region,season,tech,step,year,H2Price
1,1,5,1,2023,0.1
1,1,5,1,2024,0.1
1,1,5,1,2025,0.1
1,1,5,1,2026,0.1
1,1,5,1,2027,0.1
1,1,5,1,2028,0.1
1,1,5,1,2029,0.1
1,1,5,1,2030,0.1
1,1,5,1,2031,0.1
1,1,5,1,2032,0.1
1,1,5,1,2033,0.1
1,1,5,1,2034,0.1
1,1,5,1,2035,0.1
1,1,5,1,2036,0.1
1,1,5,1,2037,0.1
1,1,5,1,2038,0.1
1,1,5,1,2039,0.1
1,1,5,1,2040,0.1
1,1,5,1,2041,0.1
1,1,5,1,2042,0.1
1,1,5,1,2043,0.1
1,1,5,1,2044,0.1
1,1,5,1,2045,0.1
1,1,5,1,2046,0.1
1,1,5,1,2047,0.1
1,1,5,1,2048,0.1
1,1,5,1,2049,0.1
1,1,5,1,2050,0.1
1,1,5,2,2023,0.2
1,1,5,2,2024,0.2
1,1,5,2,2025,0.2
1,1,5,2,2026,0.2
1,1,5,2,2027,0.2
1,1,5,2,2028,0.2
1,1,5,2,2029,0.2
1,1,5,2,2030,0.2
1,1,5,2,2031,0.2
1,1,5,2,2032,0.2
1,1,5,2,2033,0.2
1,1,5,2,2034,0.2
1,1,5,2,2035,0.2
1,1,5,2,2036,0.2
1,1,5,2,2037,0.2
1,1,5,2,2038,0.2
1,1,5,2,2039,0.2
1,1,5,2,2040,0.2
1,1,5,2,2041,0.2
1,1,5,2,2042,0.2
1,1,5,2,2043,0.2
1,1,5,2,2044,0.2
1,1,5,2,2045,0.2
1,1,5,2,2046,0.2
1,1,5,2,2047,0.2
1,1,5,2,2048,0.2
1,1,5,2,2049,0.2
1,1,5,2,2050,0.2
1,1,5,3,2023,0.3
1,1,5,3,2024,0.3
1,1,5,3,2025,0.3
1,1,5,3,2026,0.3
1,1,5,3,2027,0.3
1,1,5,3,2028,0.3
1,1,5,3,2029,0.3
1,1,5,3,2030,0.3
1,1,5,3,2031,0.3
1,1,5,3,2032,0.3
1,1,5,3,2033,0.3
1,1,5,3,2034,0.3
1,1,5,3,2035,0.3
1,1,5,3,2036,0.3
1,1,5,3,2037,0.3
1,1,5,3,2038,0.3
1,1,5,3,2039,0.3
1,1,5,3,2040,0.3
1,1,5,3,2041,0.3
1,1,5,3,2042,0.3
1,1,5,3,2043,0.3
1,1,5,3,2044,0.3
1,1,5,3,2045,0.3
1,1,5,3,2046,0.3
1,1,5,3,2047,0.3
1,1,5,3,2048,0.3
1,1,5,3,2049,0.3
1,1,5,3,2050,0.3
1,2,5,1,2023,999
1,2,5,1,2024,999
1,2,5,1,2025,999
1,2,5,1,2026,999
1,2,5,1,2027,999
1,2,5,1,2028,999
1,2,5,1,2029,999
1,2,5,1,2030,999
1,2,5,1,2031,999
1,2,5,1,2032,999
1,2,5,1,2033,999
1,2,5,1,2034,999
1,2,5,1,2035,999
1,2,5,1,2036,999
1,2,5,1,2037,999
1,2,5,1,2038,999
1,2,5,1,2039,999
1,2,5,1,2040,999
1,2,5,1,2041,999
1,2,5,1,2042,999
1,2,5,1,2043,999
1,2,5,1,2044,999
1,2,5,1,2045,999
1,2,5,1,2046,999
1,2,5,1,2047,999
1,2,5,1,2048,999
1,2,5,1,2049,999
1,2,5,1,2050,999
1,3,5,1,2023,0.1
1,3,5,1,2024,0.1
1,3,5,1,2025,0.1
1,3,5,1,2026,0.1
1,3,5,1,2027,0.1
1,3,5,1,2028,0.1
1,3,5,1,2029,0.1
1,3,5,1,2030,0.1
1,3,5,1,2031,0.1
1,3,5,1,2032,0.1
1,3,5,1,2033,0.1
1,3,5,1,2034,0.1
1,3,5,1,2035,0.1
1,3,5,1,2036,0.1
1,3,5,1,2037,0.1
1,3,5,1,2038,0.1
1,3,5,1,2039,0.1
1,3,5,1,2040,0.1
1,3,5,1,2041,0.1
1,3,5,1,2042,0.1
1,3,5,1,2043,0.1
1,3,5,1,2044,0.1
1,3,5,1,2045,0.1
1,3,5,1,2046,0.1
1,3,5,1,2047,0.1
1,3,5,1,2048,0.1
1,3,5,1,2049,0.1
1,3,5,1,2050,0.1
1,4,5,1,2023,0.1
1,4,5,1,2024,0.1
1,4,5,1,2025,0.1
1,4,5,1,2026,0.1
1,4,5,1,2027,0.1
1,4,5,1,2028,0.1
1,4,5,1,2029,0.1
1,4,5,1,2030,0.1
1,4,5,1,2031,0.1
1,4,5,1,2032,0.1
1,4,5,1,2033,0.1
1,4,5,1,2034,0.1
1,4,5,1,2035,0.1
1,4,5,1,2036,0.1
1,4,5,1,2037,0.1
1,4,5,1,2038,0.1
1,4,5,1,2039,0.1
1,4,5,1,2040,0.1
1,4,5,1,2041,0.1
1,4,5,1,2042,0.1
1,4,5,1,2043,0.1
1,4,5,1,2044,0.1
1,4,5,1,2045,0.1
1,4,5,1,2046,0.1
1,4,5,1,2047,0.1
1,4,5,1,2048,0.1
1,4,5,1,2049,0.1
1,4,5,1,2050,0.1
2,1,5,1,2023,0.1
2,1,5,1,2024,0.1
2,1,5,1,2025,0.1
2,1,5,1,2026,0.1
2,1,5,1,2027,0.1
2,1,5,1,2028,0.1
2,1,5,1,2029,0.1
2,1,5,1,2030,0.1
2,1,5,1,2031,0.1
2,1,5,1,2032,0.1
2,1,5,1,2033,0.1
2,1,5,1,2034,0.1
2,1,5,1,2035,0.1
2,1,5,1,2036,0.1
2,1,5,1,2037,0.1
2,1,5,1,2038,0.1
2,1,5,1,2039,0.1
2,1,5,1,2040,0.1
2,1,5,1,2041,0.1
2,1,5,1,2042,0.1
2,1,5,1,2043,0.1
2,1,5,1,2044,0.1
2,1,5,1,2045,0.1
2,1,5,1,2046,0.1
2,1,5,1,2047,0.1
2,1,5,1,2048,0.1
2,1,5,1,2049,0.1
2,1,5,1,2050,0.1
2,1,5,2,2023,0.2
2,1,5,2,2024,0.2
2,1,5,2,2025,0.2
2,1,5,2,2026,0.2
2,1,5,2,2027,0.2
2,1,5,2,2028,0.2
2,1,5,2,2029,0.2
2,1,5,2,2030,0.2
2,1,5,2,2031,0.2
2,1,5,2,2032,0.2
2,1,5,2,2033,0.2
2,1,5,2,2034,0.2
2,1,5,2,2035,0.2
2,1,5,2,2036,0.2
2,1,5,2,2037,0.2
2,1,5,2,2038,0.2
2,1,5,2,2039,0.2
2,1,5,2,2040,0.2
2,1,5,2,2041,0.2
2,1,5,2,2042,0.2
2,1,5,2,2043,0.2
2,1,5,2,2044,0.2
2,1,5,2,2045,0.2
2,1,5,2,2046,0.2
2,1,5,2,2047,0.2
2,1,5,2,2048,0.2
2,1,5,2,2049,0.2
2,1,5,2,2050,0.2
2,1,5,3,2023,0.3
2,1,5,3,2024,0.3
2,1,5,3,2025,0.3
2,1,5,3,2026,0.3
2,1,5,3,2027,0.3
2,1,5,3,2028,0.3
2,1,5,3,2029,0.3
2,1,5,3,2030,0.3
2,1,5,3,2031,0.3
2,1,5,3,2032,0.3
2,1,5,3,2033,0.3
2,1,5,3,2034,0.3
2,1,5,3,2035,0.3
2,1,5,3,2036,0.3
2,1,5,3,2037,0.3
2,1,5,3,2038,0.3
2,1,5,3,2039,0.3
2,1,5,3,2040,0.3
2,1,5,3,2041,0.3
2,1,5,3,2042,0.3
2,1,5,3,2043,0.3
2,1,5,3,2044,0.3
2,1,5,3,2045,0.3
2,1,5,3,2046,0.3
2,1,5,3,2047,0.3
2,1,5,3,2048,0.3
2,1,5,3,2049,0.3
2,1,5,3,2050,0.3
2,2,5,1,2023,999
2,2,5,1,2024,999
2,2,5,1,2025,999
2,2,5,1,2026,999
2,2,5,1,2027,999
2,2,5,1,2028,999
2,2,5,1,2029,999
2,2,5,1,2030,999
2,2,5,1,2031,999
2,2,5,1,2032,999
2,2,5,1,2033,999
2,2,5,1,2034,999
2,2,5,1,2035,999
2,2,5,1,2036,999
2,2,5,1,2037,999
2,2,5,1,2038,999
2,2,5,1,2039,999
2,2,5,1,2040,999
2,2,5,1,2041,999
2,2,5,1,2042,999
2,2,5,1,2043,999
2,2,5,1,2044,999
2,2,5,1,2045,999
2,2,5,1,2046,999
2,2,5,1,2047,999
2,2,5,1,2048,999
2,2,5,1,2049,999
2,2,5,1,2050,999
2,3,5,1,2023,0.1
2,3,5,1,2024,0.1
2,3,5,1,2025,0.1
2,3,5,1,2026,0.1
2,3,5,1,2027,0.1
2,3,5,1,2028,0.1
2,3,5,1,2029,0.1
2,3,5,1,2030,0.1
2,3,5,1,2031,0.1
2,3,5,1,2032,0.1
2,3,5,1,2033,0.1
2,3,5,1,2034,0.1
2,3,5,1,2035,0.1
2,3,5,1,2036,0.1
2,3,5,1,2037,0.1
2,3,5,1,2038,0.1
2,3,5,1,2039,0.1
2,3,5,1,2040,0.1
2,3,5,1,2041,0.1
2,3,5,1,2042,0.1
2,3,5,1,2043,0.1
2,3,5,1,2044,0.1
2,3,5,1,2045,0.1
2,3,5,1,2046,0.1
2,3,5,1,2047,0.1
2,3,5,1,2048,0.1
2,3,5,1,2049,0.1
2,3,5,1,2050,0.1
2,4,5,1,2023,0.1
2,4,5,1,2024,0.1
2,4,5,1,2025,0.1
2,4,5,1,2026,0.1
2,4,5,1,2027,0.1
2,4,5,1,2028,0.1
2,4,5,1,2029,0.1
2,4,5,1,2030,0.1
2,4,5,1,2031,0.1
2,4,5,1,2032,0.1
2,4,5,1,2033,0.1
2,4,5,1,2034,0.1
2,4,5,1,2035,0.1
2,4,5,1,2036,0.1
2,4,5,1,2037,0.1
2,4,5,1,2038,0.1
2,4,5,1,2039,0.1
2,4,5,1,2040,0.1
2,4,5,1,2041,0.1
2,4,5,1,2042,0.1
2,4,5,1,2043,0.1
2,4,5,1,2044,0.1
2,4,5,1,2045,0.1
2,4,5,1,2046,0.1
2,4,5,1,2047,0.1
2,4,5,1,2048,0.1
2,4,5,1,2049,0.1
2,4,5,1,2050,0.1
3,1,5,1,2023,0.1
3,1,5,1,2024,0.1
3,1,5,1,2025,0.1
3,1,5,1,2026,0.1
3,1,5,1,2027,0.1
3,1,5,1,2028,0.1
3,1,5,1,2029,0.1
3,1,5,1,2030,0.1
3,1,5,1,2031,0.1
3,1,5,1,2032,0.1
3,1,5,1,2033,0.1
3,1,5,1,2034,0.1
3,1,5,1,2035,0.1
3,1,5,1,2036,0.1
3,1,5,1,2037,0.1
3,1,5,1,2038,0.1
3,1,5,1,2039,0.1
3,1,5,1,2040,0.1
3,1,5,1,2041,0.1
3,1,5,1,2042,0.1
3,1,5,1,2043,0.1
3,1,5,1,2044,0.1
3,1,5,1,2045,0.1
3,1,5,1,2046,0.1
3,1,5,1,2047,0.1
3,1,5,1,2048,0.1
3,1,5,1,2049,0.1
3,1,5,1,2050,0.1
3,1,5,2,2023,0.2
3,1,5,2,2024,0.2
3,1,5,2,2025,0.2
3,1,5,2,2026,0.2
3,1,5,2,2027,0.2
3,1,5,2,2028,0.2
3,1,5,2,2029,0.2
3,1,5,2,2030,0.2
3,1,5,2,2031,0.2
3,1,5,2,2032,0.2
3,1,5,2,2033,0.2
3,1,5,2,2034,0.2
3,1,5,2,2035,0.2
3,1,5,2,2036,0.2
3,1,5,2,2037,0.2
3,1,5,2,2038,0.2
3,1,5,2,2039,0.2
3,1,5,2,2040,0.2
3,1,5,2,2041,0.2
3,1,5,2,2042,0.2
3,1,5,2,2043,0.2
3,1,5,2,2044,0.2
3,1,5,2,2045,0.2
3,1,5,2,2046,0.2
3,1,5,2,2047,0.2
3,1,5,2,2048,0.2
3,1,5,2,2049,0.2
3,1,5,2,2050,0.2
3,1,5,3,2023,0.3
3,1,5,3,2024,0.3
3,1,5,3,2025,0.3
3,1,5,3,2026,0.3
3,1,5,3,2027,0.3
3,1,5,3,2028,0.3
3,1,5,3,2029,0.3
3,1,5,3,2030,0.3
3,1,5,3,2031,0.3
3,1,5,3,2032,0.3
3,1,5,3,2033,0.3
3,1,5,3,2034,0.3
3,1,5,3,2035,0.3
3,1,5,3,2036,0.3
3,1,5,3,2037,0.3
3,1,5,3,2038,0.3
3,1,5,3,2039,0.3
3,1,5,3,2040,0.3
3,1,5,3,2041,0.3
3,1,5,3,2042,0.3
3,1,5,3,2043,0.3
3,1,5,3,2044,0.3
3,1,5,3,2045,0.3
3,1,5,3,2046,0.3
3,1,5,3,2047,0.3
3,1,5,3,2048,0.3
3,1,5,3,2049,0.3
3,1,5,3,2050,0.3
3,2,5,1,2023,999
3,2,5,1,2024,999
3,2,5,1,2025,999
3,2,5,1,2026,999
3,2,5,1,2027,999
3,2,5,1,2028,999
3,2,5,1,2029,999
3,2,5,1,2030,999
3,2,5,1,2031,999
3,2,5,1,2032,999
3,2,5,1,2033,999
3,2,5,1,2034,999
3,2,5,1,2035,999
3,2,5,1,2036,999
3,2,5,1,2037,999
3,2,5,1,2038,999
3,2,5,1,2039,999
3,2,5,1,2040,999
3,2,5,1,2041,999
3,2,5,1,2042,999
3,2,5,1,2043,999
3,2,5,1,2044,999
3,2,5,1,2045,999
3,2,5,1,2046,999
3,2,5,1,2047,999
3,2,5,1,2048,999
3,2,5,1,2049,999
3,2,5,1,2050,999
3,3,5,1,2023,0.1
3,3,5,1,2024,0.1
3,3,5,1,2025,0.1
3,3,5,1,2026,0.1
3,3,5,1,2027,0.1
3,3,5,1,2028,0.1
3,3,5,1,2029,0.1
3,3,5,1,2030,0.1
3,3,5,1,2031,0.1
3,3,5,1,2032,0.1
3,3,5,1,2033,0.1
3,3,5,1,2034,0.1
3,3,5,1,2035,0.1
3,3,5,1,2036,0.1
3,3,5,1,2037,0.1
3,3,5,1,2038,0.1
3,3,5,1,2039,0.1
3,3,5,1,2040,0.1
3,3,5,1,2041,0.1
3,3,5,1,2042,0.1
3,3,5,1,2043,0.1
3,3,5,1,2044,0.1
3,3,5,1,2045,0.1
3,3,5,1,2046,0.1
3,3,5,1,2047,0.1
3,3,5,1,2048,0.1
3,3,5,1,2049,0.1
3,3,5,1,2050,0.1
3,4,5,1,2023,0.1
3,4,5,1,2024,0.1
3,4,5,1,2025,0.1
3,4,5,1,2026,0.1
3,4,5,1,2027,0.1
3,4,5,1,2028,0.1
3,4,5,1,2029,0.1
3,4,5,1,2030,0.1
3,4,5,1,2031,0.1
3,4,5,1,2032,0.1
3,4,5,1,2033,0.1
3,4,5,1,2034,0.1
3,4,5,1,2035,0.1
3,4,5,1,2036,0.1
3,4,5,1,2037,0.1
3,4,5,1,2038,0.1
3,4,5,1,2039,0.1
3,4,5,1,2040,0.1
3,4,5,1,2041,0.1
3,4,5,1,2042,0.1
3,4,5,1,2043,0.1
3,4,5,1,2044,0.1
3,4,5,1,2045,0.1
3,4,5,1,2046,0.1
3,4,5,1,2047,0.1
3,4,5,1,2048,0.1
3,4,5,1,2049,0.1
3,4,5,1,2050,0.1
4,1,5,1,2023,0.1
4,1,5,1,2024,0.1
4,1,5,1,2025,0.1
4,1,5,1,2026,0.1
4,1,5,1,2027,0.1
4,1,5,1,2028,0.1
4,1,5,1,2029,0.1
4,1,5,1,2030,0.1
4,1,5,1,2031,0.1
4,1,5,1,2032,0.1
4,1,5,1,2033,0.1
4,1,5,1,2034,0.1
4,1,5,1,2035,0.1
4,1,5,1,2036,0.1
4,1,5,1,2037,0.1
4,1,5,1,2038,0.1
4,1,5,1,2039,0.1
4,1,5,1,2040,0.1
4,1,5,1,2041,0.1
4,1,5,1,2042,0.1
4,1,5,1,2043,0.1
4,1,5,1,2044,0.1
4,1,5,1,2045,0.1
4,1,5,1,2046,0.1
4,1,5,1,2047,0.1
4,1,5,1,2048,0.1
4,1,5,1,2049,0.1
4,1,5,1,2050,0.1
4,1,5,2,2023,0.2
4,1,5,2,2024,0.2
4,1,5,2,2025,0.2
4,1,5,2,2026,0.2
4,1,5,2,2027,0.2
4,1,5,2,2028,0.2
4,1,5,2,2029,0.2
4,1,5,2,2030,0.2
4,1,5,2,2031,0.2
4,1,5,2,2032,0.2
4,1,5,2,2033,0.2
4,1,5,2,2034,0.2
4,1,5,2,2035,0.2
4,1,5,2,2036,0.2
4,1,5,2,2037,0.2
4,1,5,2,2038,0.2
4,1,5,2,2039,0.2
4,1,5,2,2040,0.2
4,1,5,2,2041,0.2
4,1,5,2,2042,0.2
4,1,5,2,2043,0.2
4,1,5,2,2044,0.2
4,1,5,2,2045,0.2
4,1,5,2,2046,0.2
4,1,5,2,2047,0.2
4,1,5,2,2048,0.2
4,1,5,2,2049,0.2
4,1,5,2,2050,0.2
4,1,5,3,2023,0.3
4,1,5,3,2024,0.3
4,1,5,3,2025,0.3
4,1,5,3,2026,0.3
4,1,5,3,2027,0.3
4,1,5,3,2028,0.3
4,1,5,3,2029,0.3
4,1,5,3,2030,0.3
4,1,5,3,2031,0.3
4,1,5,3,2032,0.3
4,1,5,3,2033,0.3
4,1,5,3,2034,0.3
4,1,5,3,2035,0.3
4,1,5,3,2036,0.3
4,1,5,3,2037,0.3
4,1,5,3,2038,0.3
4,1,5,3,2039,0.3
4,1,5,3,2040,0.3
4,1,5,3,2041,0.3
4,1,5,3,2042,0.3
4,1,5,3,2043,0.3
4,1,5,3,2044,0.3
4,1,5,3,2045,0.3
4,1,5,3,2046,0.3
4,1,5,3,2047,0.3
4,1,5,3,2048,0.3
4,1,5,3,2049,0.3
4,1,5,3,2050,0.3
4,2,5,1,2023,999
4,2,5,1,2024,999
4,2,5,1,2025,999
4,2,5,1,2026,999
4,2,5,1,2027,999
4,2,5,1,2028,999
4,2,5,1,2029,999
4,2,5,1,2030,999
4,2,5,1,2031,999
4,2,5,1,2032,999
4,2,5,1,2033,999
4,2,5,1,2034,999
4,2,5,1,2035,999
4,2,5,1,2036,999
4,2,5,1,2037,999
4,2,5,1,2038,999
4,2,5,1,2039,999
4,2,5,1,2040,999
4,2,5,1,2041,999
4,2,5,1,2042,999
4,2,5,1,2043,999
4,2,5,1,2044,999
4,2,5,1,2045,999
4,2,5,1,2046,999
4,2,5,1,2047,999
4,2,5,1,2048,999
4,2,5,1,2049,999
4,2,5,1,2050,999
4,3,5,1,2023,0.1
4,3,5,1,2024,0.1
4,3,5,1,2025,0.1
4,3,5,1,2026,0.1
4,3,5,1,2027,0.1
4,3,5,1,2028,0.1
4,3,5,1,2029,0.1
4,3,5,1,2030,0.1
4,3,5,1,2031,0.1
4,3,5,1,2032,0.1
4,3,5,1,2033,0.1
4,3,5,1,2034,0.1
4,3,5,1,2035,0.1
4,3,5,1,2036,0.1
4,3,5,1,2037,0.1
4,3,5,1,2038,0.1
4,3,5,1,2039,0.1
4,3,5,1,2040,0.1
4,3,5,1,2041,0.1
4,3,5,1,2042,0.1
4,3,5,1,2043,0.1
4,3,5,1,2044,0.1
4,3,5,1,2045,0.1
4,3,5,1,2046,0.1
4,3,5,1,2047,0.1
4,3,5,1,2048,0.1
4,3,5,1,2049,0.1
4,3,5,1,2050,0.1
4,4,5,1,2023,0.1
4,4,5,1,2024,0.1
4,4,5,1,2025,0.1
4,4,5,1,2026,0.1
4,4,5,1,2027,0.1
4,4,5,1,2028,0.1
4,4,5,1,2029,0.1
4,4,5,1,2030,0.1
4,4,5,1,2031,0.1
4,4,5,1,2032,0.1
4,4,5,1,2033,0.1
4,4,5,1,2034,0.1
4,4,5,1,2035,0.1
4,4,5,1,2036,0.1
4,4,5,1,2037,0.1
4,4,5,1,2038,0.1
4,4,5,1,2039,0.1
4,4,5,1,2040,0.1
4,4,5,1,2041,0.1
4,4,5,1,2042,0.1
4,4,5,1,2043,0.1
4,4,5,1,2044,0.1
4,4,5,1,2045,0.1
4,4,5,1,2046,0.1
4,4,5,1,2047,0.1
4,4,5,1,2048,0.1
4,4,5,1,2049,0.1
4,4,5,1,2050,0.1
5,1,5,1,2023,0.1
5,1,5,1,2024,0.1
5,1,5,1,2025,0.1
5,1,5,1,2026,0.1
5,1,5,1,2027,0.1
5,1,5,1,2028,0.1
5,1,5,1,2029,0.1
5,1,5,1,2030,0.1
5,1,5,1,2031,0.1
5,1,5,1,2032,0.1
5,1,5,1,2033,0.1
5,1,5,1,2034,0.1
5,1,5,1,2035,0.1
5,1,5,1,2036,0.1
5,1,5,1,2037,0.1
5,1,5,1,2038,0.1
5,1,5,1,2039,0.1
5,1,5,1,2040,0.1
5,1,5,1,2041,0.1
5,1,5,1,2042,0.1
5,1,5,1,2043,0.1
5,1,5,1,2044,0.1
5,1,5,1,2045,0.1
5,1,5,1,2046,0.1
5,1,5,1,2047,0.1
5,1,5,1,2048,0.1
5,1,5,1,2049,0.1
5,1,5,1,2050,0.1
5,1,5,2,2023,0.2
5,1,5,2,2024,0.2
5,1,5,2,2025,0.2
5,1,5,2,2026,0.2
5,1,5,2,2027,0.2
5,1,5,2,2028,0.2
5,1,5,2,2029,0.2
5,1,5,2,2030,0.2
5,1,5,2,2031,0.2
5,1,5,2,2032,0.2
5,1,5,2,2033,0.2
5,1,5,2,2034,0.2
5,1,5,2,2035,0.2
5,1,5,2,2036,0.2
5,1,5,2,2037,0.2
5,1,5,2,2038,0.2
5,1,5,2,2039,0.2
5,1,5,2,2040,0.2
5,1,5,2,2041,0.2
5,1,5,2,2042,0.2
5,1,5,2,2043,0.2
5,1,5,2,2044,0.2
5,1,5,2,2045,0.2
5,1,5,2,2046,0.2
5,1,5,2,2047,0.2
5,1,5,2,2048,0.2
5,1,5,2,2049,0.2
5,1,5,2,2050,0.2
5,1,5,3,2023,0.3
5,1,5,3,2024,0.3
5,1,5,3,2025,0.3
5,1,5,3,2026,0.3
5,1,5,3,2027,0.3
5,1,5,3,2028,0.3
5,1,5,3,2029,0.3
5,1,5,3,2030,0.3
5,1,5,3,2031,0.3
5,1,5,3,2032,0.3
5,1,5,3,2033,0.3
5,1,5,3,2034,0.3
5,1,5,3,2035,0.3
5,1,5,3,2036,0.3
5,1,5,3,2037,0.3
5,1,5,3,2038,0.3
5,1,5,3,2039,0.3
5,1,5,3,2040,0.3
5,1,5,3,2041,0.3
5,1,5,3,2042,0.3
5,1,5,3,2043,0.3
5,1,5,3,2044,0.3
5,1,5,3,2045,0.3
5,1,5,3,2046,0.3
5,1,5,3,2047,0.3
5,1,5,3,2048,0.3
5,1,5,3,2049,0.3
5,1,5,3,2050,0.3
5,2,5,1,2023,999
5,2,5,1,2024,999
5,2,5,1,2025,999
5,2,5,1,2026,999
5,2,5,1,2027,999
5,2,5,1,2028,999
5,2,5,1,2029,999
5,2,5,1,2030,999
5,2,5,1,2031,999
5,2,5,1,2032,999
5,2,5,1,2033,999
5,2,5,1,2034,999
5,2,5,1,2035,999
5,2,5,1,2036,999
5,2,5,1,2037,999
5,2,5,1,2038,999
5,2,5,1,2039,999
5,2,5,1,2040,999
5,2,5,1,2041,999
5,2,5,1,2042,999
5,2,5,1,2043,999
5,2,5,1,2044,999
5,2,5,1,2045,999
5,2,5,1,2046,999
5,2,5,1,2047,999
5,2,5,1,2048,999
5,2,5,1,2049,999
5,2,5,1,2050,999
5,3,5,1,2023,0.1
5,3,5,1,2024,0.1
5,3,5,1,2025,0.1
5,3,5,1,2026,0.1
5,3,5,1,2027,0.1
5,3,5,1,2028,0.1
5,3,5,1,2029,0.1
5,3,5,1,2030,0.1
5,3,5,1,2031,0.1
5,3,5,1,2032,0.1
5,3,5,1,2033,0.1
5,3,5,1,2034,0.1
5,3,5,1,2035,0.1
5,3,5,1,2036,0.1
5,3,5,1,2037,0.1
5,3,5,1,2038,0.1
5,3,5,1,2039,0.1
5,3,5,1,2040,0.1
5,3,5,1,2041,0.1
5,3,5,1,2042,0.1
5,3,5,1,2043,0.1
5,3,5,1,2044,0.1
5,3,5,1,2045,0.1
5,3,5,1,2046,0.1
5,3,5,1,2047,0.1
5,3,5,1,2048,0.1
5,3,5,1,2049,0.1
5,3,5,1,2050,0.1
5,4,5,1,2023,0.1
5,4,5,1,2024,0.1
5,4,5,1,2025,0.1
5,4,5,1,2026,0.1
5,4,5,1,2027,0.1
5,4,5,1,2028,0.1
5,4,5,1,2029,0.1
5,4,5,1,2030,0.1
5,4,5,1,2031,0.1
5,4,5,1,2032,0.1
5,4,5,1,2033,0.1
5,4,5,1,2034,0.1
5,4,5,1,2035,0.1
5,4,5,1,2036,0.1
5,4,5,1,2037,0.1
5,4,5,1,2038,0.1
5,4,5,1,2039,0.1
5,4,5,1,2040,0.1
5,4,5,1,2041,0.1
5,4,5,1,2042,0.1
5,4,5,1,2043,0.1
5,4,5,1,2044,0.1
5,4,5,1,2045,0.1
5,4,5,1,2046,0.1
5,4,5,1,2047,0.1
5,4,5,1,2048,0.1
5,4,5,1,2049,0.1
5,4,5,1,2050,0.1
6,1,5,1,2023,0.1
6,1,5,1,2024,0.1
6,1,5,1,2025,0.1
6,1,5,1,2026,0.1
6,1,5,1,2027,0.1
6,1,5,1,2028,0.1
6,1,5,1,2029,0.1
6,1,5,1,2030,0.1
6,1,5,1,2031,0.1
6,1,5,1,2032,0.1
6,1,5,1,2033,0.1
6,1,5,1,2034,0.1
6,1,5,1,2035,0.1
6,1,5,1,2036,0.1
6,1,5,1,2037,0.1
6,1,5,1,2038,0.1
6,1,5,1,2039,0.1
6,1,5,1,2040,0.1
6,1,5,1,2041,0.1
6,1,5,1,2042,0.1
6,1,5,1,2043,0.1
6,1,5,1,2044,0.1
6,1,5,1,2045,0.1
6,1,5,1,2046,0.1
6,1,5,1,2047,0.1
6,1,5,1,2048,0.1
6,1,5,1,2049,0.1
6,1,5,1,2050,0.1
6,1,5,2,2023,0.2
6,1,5,2,2024,0.2
6,1,5,2,2025,0.2
6,1,5,2,2026,0.2
6,1,5,2,2027,0.2
6,1,5,2,2028,0.2
6,1,5,2,2029,0.2
6,1,5,2,2030,0.2
6,1,5,2,2031,0.2
6,1,5,2,2032,0.2
6,1,5,2,2033,0.2
6,1,5,2,2034,0.2
6,1,5,2,2035,0.2
6,1,5,2,2036,0.2
6,1,5,2,2037,0.2
6,1,5,2,2038,0.2
6,1,5,2,2039,0.2
6,1,5,2,2040,0.2
6,1,5,2,2041,0.2
6,1,5,2,2042,0.2
6,1,5,2,2043,0.2
6,1,5,2,2044,0.2
6,1,5,2,2045,0.2
6,1,5,2,2046,0.2
6,1,5,2,2047,0.2
6,1,5,2,2048,0.2
6,1,5,2,2049,0.2
6,1,5,2,2050,0.2
6,1,5,3,2023,0.3
6,1,5,3,2024,0.3
6,1,5,3,2025,0.3
6,1,5,3,2026,0.3
6,1,5,3,2027,0.3
6,1,5,3,2028,0.3
6,1,5,3,2029,0.3
6,1,5,3,2030,0.3
6,1,5,3,2031,0.3
6,1,5,3,2032,0.3
6,1,5,3,2033,0.3
6,1,5,3,2034,0.3
6,1,5,3,2035,0.3
6,1,5,3,2036,0.3
6,1,5,3,2037,0.3
6,1,5,3,2038,0.3
6,1,5,3,2039,0.3
6,1,5,3,2040,0.3
6,1,5,3,2041,0.3
6,1,5,3,2042,0.3
6,1,5,3,2043,0.3
6,1,5,3,2044,0.3
6,1,5,3,2045,0.3
6,1,5,3,2046,0.3
6,1,5,3,2047,0.3
6,1,5,3,2048,0.3
6,1,5,3,2049,0.3
6,1,5,3,2050,0.3
6,2,5,1,2023,999
6,2,5,1,2024,999
6,2,5,1,2025,999
6,2,5,1,2026,999
6,2,5,1,2027,999
6,2,5,1,2028,999
6,2,5,1,2029,999
6,2,5,1,2030,999
6,2,5,1,2031,999
6,2,5,1,2032,999
6,2,5,1,2033,999
6,2,5,1,2034,999
6,2,5,1,2035,999
6,2,5,1,2036,999
6,2,5,1,2037,999
6,2,5,1,2038,999
6,2,5,1,2039,999
6,2,5,1,2040,999
6,2,5,1,2041,999
6,2,5,1,2042,999
6,2,5,1,2043,999
6,2,5,1,2044,999
6,2,5,1,2045,999
6,2,5,1,2046,999
6,2,5,1,2047,999
6,2,5,1,2048,999
6,2,5,1,2049,999
6,2,5,1,2050,999
6,3,5,1,2023,0.1
6,3,5,1,2024,0.1
6,3,5,1,2025,0.1
6,3,5,1,2026,0.1
6,3,5,1,2027,0.1
6,3,5,1,2028,0.1
6,3,5,1,2029,0.1
6,3,5,1,2030,0.1
6,3,5,1,2031,0.1
6,3,5,1,2032,0.1
6,3,5,1,2033,0.1
6,3,5,1,2034,0.1
6,3,5,1,2035,0.1
6,3,5,1,2036,0.1
6,3,5,1,2037,0.1
6,3,5,1,2038,0.1
6,3,5,1,2039,0.1
6,3,5,1,2040,0.1
6,3,5,1,2041,0.1
6,3,5,1,2042,0.1
6,3,5,1,2043,0.1
6,3,5,1,2044,0.1
6,3,5,1,2045,0.1
6,3,5,1,2046,0.1
6,3,5,1,2047,0.1
6,3,5,1,2048,0.1
6,3,5,1,2049,0.1
6,3,5,1,2050,0.1
6,4,5,1,2023,0.1
6,4,5,1,2024,0.1
6,4,5,1,2025,0.1
6,4,5,1,2026,0.1
6,4,5,1,2027,0.1
6,4,5,1,2028,0.1
6,4,5,1,2029,0.1
6,4,5,1,2030,0.1
6,4,5,1,2031,0.1
6,4,5,1,2032,0.1
6,4,5,1,2033,0.1
6,4,5,1,2034,0.1
6,4,5,1,2035,0.1
6,4,5,1,2036,0.1
6,4,5,1,2037,0.1
6,4,5,1,2038,0.1
6,4,5,1,2039,0.1
6,4,5,1,2040,0.1
6,4,5,1,2041,0.1
6,4,5,1,2042,0.1
6,4,5,1,2043,0.1
6,4,5,1,2044,0.1
6,4,5,1,2045,0.1
6,4,5,1,2046,0.1
6,4,5,1,2047,0.1
6,4,5,1,2048,0.1
6,4,5,1,2049,0.1
6,4,5,1,2050,0.1
7,1,5,1,2023,0.1
7,1,5,1,2024,0.1
7,1,5,1,2025,0.1
7,1,5,1,2026,0.1
7,1,5,1,2027,0.1
7,1,5,1,2028,0.1
7,1,5,1,2029,0.1
7,1,5,1,2030,0.1
7,1,5,1,2031,0.1
7,1,5,1,2032,0.1
7,1,5,1,2033,0.1
7,1,5,1,2034,0.1
7,1,5,1,2035,0.1
7,1,5,1,2036,0.1
7,1,5,1,2037,0.1
7,1,5,1,2038,0.1
7,1,5,1,2039,0.1
7,1,5,1,2040,0.1
7,1,5,1,2041,0.1
7,1,5,1,2042,0.1
7,1,5,1,2043,0.1
7,1,5,1,2044,0.1
7,1,5,1,2045,0.1
7,1,5,1,2046,0.1
7,1,5,1,2047,0.1
7,1,5,1,2048,0.1
7,1,5,1,2049,0.1
7,1,5,1,2050,0.1
7,1,5,2,2023,0.2
7,1,5,2,2024,0.2
7,1,5,2,2025,0.2
7,1,5,2,2026,0.2
7,1,5,2,2027,0.2
7,1,5,2,2028,0.2
7,1,5,2,2029,0.2
7,1,5,2,2030,0.2
7,1,5,2,2031,0.2
7,1,5,2,2032,0.2
7,1,5,2,2033,0.2
7,1,5,2,2034,0.2
7,1,5,2,2035,0.2
7,1,5,2,2036,0.2
7,1,5,2,2037,0.2
7,1,5,2,2038,0.2
7,1,5,2,2039,0.2
7,1,5,2,2040,0.2
7,1,5,2,2041,0.2
7,1,5,2,2042,0.2
7,1,5,2,2043,0.2
7,1,5,2,2044,0.2
7,1,5,2,2045,0.2
7,1,5,2,2046,0.2
7,1,5,2,2047,0.2
7,1,5,2,2048,0.2
7,1,5,2,2049,0.2
7,1,5,2,2050,0.2
7,1,5,3,2023,0.3
7,1,5,3,2024,0.3
7,1,5,3,2025,0.3
7,1,5,3,2026,0.3
7,1,5,3,2027,0.3
7,1,5,3,2028,0.3
7,1,5,3,2029,0.3
7,1,5,3,2030,0.3
7,1,5,3,2031,0.3
7,1,5,3,2032,0.3
7,1,5,3,2033,0.3
7,1,5,3,2034,0.3
7,1,5,3,2035,0.3
7,1,5,3,2036,0.3
7,1,5,3,2037,0.3
7,1,5,3,2038,0.3
7,1,5,3,2039,0.3
7,1,5,3,2040,0.3
7,1,5,3,2041,0.3
7,1,5,3,2042,0.3
7,1,5,3,2043,0.3
7,1,5,3,2044,0.3
7,1,5,3,2045,0.3
7,1,5,3,2046,0.3
7,1,5,3,2047,0.3
7,1,5,3,2048,0.3
7,1,5,3,2049,0.3
7,1,5,3,2050,0.3
7,2,5,1,2023,999
7,2,5,1,2024,999
7,2,5,1,2025,999
7,2,5,1,2026,999
7,2,5,1,2027,999
7,2,5,1,2028,999
7,2,5,1,2029,999
7,2,5,1,2030,999
7,2,5,1,2031,999
7,2,5,1,2032,999
7,2,5,1,2033,999
7,2,5,1,2034,999
7,2,5,1,2035,999
7,2,5,1,2036,999
7,2,5,1,2037,999
7,2,5,1,2038,999
7,2,5,1,2039,999
7,2,5,1,2040,999
7,2,5,1,2041,999
7,2,5,1,2042,999
7,2,5,1,2043,999
7,2,5,1,2044,999
7,2,5,1,2045,999
7,2,5,1,2046,999
7,2,5,1,2047,999
7,2,5,1,2048,999
7,2,5,1,2049,999
7,2,5,1,2050,999
7,3,5,1,2023,0.1
7,3,5,1,2024,0.1
7,3,5,1,2025,0.1
7,3,5,1,2026,0.1
7,3,5,1,2027,0.1
7,3,5,1,2028,0.1
7,3,5,1,2029,0.1
7,3,5,1,2030,0.1
7,3,5,1,2031,0.1
7,3,5,1,2032,0.1
7,3,5,1,2033,0.1
7,3,5,1,2034,0.1
7,3,5,1,2035,0.1
7,3,5,1,2036,0.1
7,3,5,1,2037,0.1
7,3,5,1,2038,0.1
7,3,5,1,2039,0.1
7,3,5,1,2040,0.1
7,3,5,1,2041,0.1
7,3,5,1,2042,0.1
7,3,5,1,2043,0.1
7,3,5,1,2044,0.1
7,3,5,1,2045,0.1
7,3,5,1,2046,0.1
7,3,5,1,2047,0.1
7,3,5,1,2048,0.1
7,3,5,1,2049,0.1
7,3,5,1,2050,0.1
7,4,5,1,2023,0.1
7,4,5,1,2024,0.1
7,4,5,1,2025,0.1
7,4,5,1,2026,0.1
7,4,5,1,2027,0.1
7,4,5,1,2028,0.1
7,4,5,1,2029,0.1
7,4,5,1,2030,0.1
7,4,5,1,2031,0.1
7,4,5,1,2032,0.1
7,4,5,1,2033,0.1
7,4,5,1,2034,0.1
7,4,5,1,2035,0.1
7,4,5,1,2036,0.1
7,4,5,1,2037,0.1
7,4,5,1,2038,0.1
7,4,5,1,2039,0.1
7,4,5,1,2040,0.1
7,4,5,1,2041,0.1
7,4,5,1,2042,0.1
7,4,5,1,2043,0.1
7,4,5,1,2044,0.1
7,4,5,1,2045,0.1
7,4,5,1,2046,0.1
7,4,5,1,2047,0.1
7,4,5,1,2048,0.1
7,4,5,1,2049,0.1
7,4,5,1,2050,0.1
8,1,5,1,2023,0.1
8,1,5,1,2024,0.1
8,1,5,1,2025,0.1
8,1,5,1,2026,0.1
8,1,5,1,2027,0.1
8,1,5,1,2028,0.1
8,1,5,1,2029,0.1
8,1,5,1,2030,0.1
8,1,5,1,2031,0.1
8,1,5,1,2032,0.1
8,1,5,1,2033,0.1
8,1,5,1,2034,0.1
8,1,5,1,2035,0.1
8,1,5,1,2036,0.1
8,1,5,1,2037,0.1
8,1,5,1,2038,0.1
8,1,5,1,2039,0.1
8,1,5,1,2040,0.1
8,1,5,1,2041,0.1
8,1,5,1,2042,0.1
8,1,5,1,2043,0.1
8,1,5,1,2044,0.1
8,1,5,1,2045,0.1
8,1,5,1,2046,0.1
8,1,5,1,2047,0.1
8,1,5,1,2048,0.1
8,1,5,1,2049,0.1
8,1,5,1,2050,0.1
8,1,5,2,2023,0.2
8,1,5,2,2024,0.2
8,1,5,2,2025,0.2
8,1,5,2,2026,0.2
8,1,5,2,2027,0.2
8,1,5,2,2028,0.2
8,1,5,2,2029,0.2
8,1,5,2,2030,0.2
8,1,5,2,2031,0.2
8,1,5,2,2032,0.2
8,1,5,2,2033,0.2
8,1,5,2,2034,0.2
8,1,5,2,2035,0.2
8,1,5,2,2036,0.2
8,1,5,2,2037,0.2
8,1,5,2,2038,0.2
8,1,5,2,2039,0.2
8,1,5,2,2040,0.2
8,1,5,2,2041,0.2
8,1,5,2,2042,0.2
8,1,5,2,2043,0.2
8,1,5,2,2044,0.2
8,1,5,2,2045,0.2
8,1,5,2,2046,0.2
8,1,5,2,2047,0.2
8,1,5,2,2048,0.2
8,1,5,2,2049,0.2
8,1,5,2,2050,0.2
8,1,5,3,2023,0.3
8,1,5,3,2024,0.3
8,1,5,3,2025,0.3
8,1,5,3,2026,0.3
8,1,5,3,2027,0.3
8,1,5,3,2028,0.3
8,1,5,3,2029,0.3
8,1,5,3,2030,0.3
8,1,5,3,2031,0.3
8,1,5,3,2032,0.3
8,1,5,3,2033,0.3
8,1,5,3,2034,0.3
8,1,5,3,2035,0.3
8,1,5,3,2036,0.3
8,1,5,3,2037,0.3
8,1,5,3,2038,0.3
8,1,5,3,2039,0.3
8,1,5,3,2040,0.3
8,1,5,3,2041,0.3
8,1,5,3,2042,0.3
8,1,5,3,2043,0.3
8,1,5,3,2044,0.3
8,1,5,3,2045,0.3
8,1,5,3,2046,0.3
8,1,5,3,2047,0.3
8,1,5,3,2048,0.3
8,1,5,3,2049,0.3
8,1,5,3,2050,0.3
8,2,5,1,2023,999
8,2,5,1,2024,999
8,2,5,1,2025,999
8,2,5,1,2026,999
8,2,5,1,2027,999
8,2,5,1,2028,999
8,2,5,1,2029,999
8,2,5,1,2030,999
8,2,5,1,2031,999
8,2,5,1,2032,999
8,2,5,1,2033,999
8,2,5,1,2034,999
8,2,5,1,2035,999
8,2,5,1,2036,999
8,2,5,1,2037,999
8,2,5,1,2038,999
8,2,5,1,2039,999
8,2,5,1,2040,999
8,2,5,1,2041,999
8,2,5,1,2042,999
8,2,5,1,2043,999
8,2,5,1,2044,999
8,2,5,1,2045,999
8,2,5,1,2046,999
8,2,5,1,2047,999
8,2,5,1,2048,999
8,2,5,1,2049,999
8,2,5,1,2050,999
8,3,5,1,2023,0.1
8,3,5,1,2024,0.1
8,3,5,1,2025,0.1
8,3,5,1,2026,0.1
8,3,5,1,2027,0.1
8,3,5,1,2028,0.1
8,3,5,1,2029,0.1
8,3,5,1,2030,0.1
8,3,5,1,2031,0.1
8,3,5,1,2032,0.1
8,3,5,1,2033,0.1
8,3,5,1,2034,0.1
8,3,5,1,2035,0.1
8,3,5,1,2036,0.1
8,3,5,1,2037,0.1
8,3,5,1,2038,0.1
8,3,5,1,2039,0.1
8,3,5,1,2040,0.1
8,3,5,1,2041,0.1
8,3,5,1,2042,0.1
8,3,5,1,2043,0.1
8,3,5,1,2044,0.1
8,3,5,1,2045,0.1
8,3,5,1,2046,0.1
8,3,5,1,2047,0.1
8,3,5,1,2048,0.1
8,3,5,1,2049,0.1
8,3,5,1,2050,0.1
8,4,5,1,2023,0.1
8,4,5,1,2024,0.1
8,4,5,1,2025,0.1
8,4,5,1,2026,0.1
8,4,5,1,2027,0.1
8,4,5,1,2028,0.1
8,4,5,1,2029,0.1
8,4,5,1,2030,0.1
8,4,5,1,2031,0.1
8,4,5,1,2032,0.1
8,4,5,1,2033,0.1
8,4,5,1,2034,0.1
8,4,5,1,2035,0.1
8,4,5,1,2036,0.1
8,4,5,1,2037,0.1
8,4,5,1,2038,0.1
8,4,5,1,2039,0.1
8,4,5,1,2040,0.1
8,4,5,1,2041,0.1
8,4,5,1,2042,0.1
8,4,5,1,2043,0.1
8,4,5,1,2044,0.1
8,4,5,1,2045,0.1
8,4,5,1,2046,0.1
8,4,5,1,2047,0.1
8,4,5,1,2048,0.1
8,4,5,1,2049,0.1
8,4,5,1,2050,0.1
9,1,5,1,2023,0.1
9,1,5,1,2024,0.1
9,1,5,1,2025,0.1
9,1,5,1,2026,0.1
9,1,5,1,2027,0.1
9,1,5,1,2028,0.1
9,1,5,1,2029,0.1
9,1,5,1,2030,0.1
9,1,5,1,2031,0.1
9,1,5,1,2032,0.1
9,1,5,1,2033,0.1
9,1,5,1,2034,0.1
9,1,5,1,2035,0.1
9,1,5,1,2036,0.1
9,1,5,1,2037,0.1
9,1,5,1,2038,0.1
9,1,5,1,2039,0.1
9,1,5,1,2040,0.1
9,1,5,1,2041,0.1
9,1,5,1,2042,0.1
9,1,5,1,2043,0.1
9,1,5,1,2044,0.1
9,1,5,1,2045,0.1
9,1,5,1,2046,0.1
9,1,5,1,2047,0.1
9,1,5,1,2048,0.1
9,1,5,1,2049,0.1
9,1,5,1,2050,0.1
9,1,5,2,2023,0.2
9,1,5,2,2024,0.2
9,1,5,2,2025,0.2
9,1,5,2,2026,0.2
9,1,5,2,2027,0.2
9,1,5,2,2028,0.2
9,1,5,2,2029,0.2
9,1,5,2,2030,0.2
9,1,5,2,2031,0.2
9,1,5,2,2032,0.2
9,1,5,2,2033,0.2
9,1,5,2,2034,0.2
9,1,5,2,2035,0.2
9,1,5,2,2036,0.2
9,1,5,2,2037,0.2
9,1,5,2,2038,0.2
9,1,5,2,2039,0.2
9,1,5,2,2040,0.2
9,1,5,2,2041,0.2
9,1,5,2,2042,0.2
9,1,5,2,2043,0.2
9,1,5,2,2044,0.2
9,1,5,2,2045,0.2
9,1,5,2,2046,0.2
9,1,5,2,2047,0.2
9,1,5,2,2048,0.2
9,1,5,2,2049,0.2
9,1,5,2,2050,0.2
9,1,5,3,2023,0.3
9,1,5,3,2024,0.3
9,1,5,3,2025,0.3
9,1,5,3,2026,0.3
9,1,5,3,2027,0.3
9,1,5,3,2028,0.3
9,1,5,3,2029,0.3
9,1,5,3,2030,0.3
9,1,5,3,2031,0.3
9,1,5,3,2032,0.3
9,1,5,3,2033,0.3
9,1,5,3,2034,0.3
9,1,5,3,2035,0.3
9,1,5,3,2036,0.3
9,1,5,3,2037,0.3
9,1,5,3,2038,0.3
9,1,5,3,2039,0.3
9,1,5,3,2040,0.3
9,1,5,3,2041,0.3
9,1,5,3,2042,0.3
9,1,5,3,2043,0.3
9,1,5,3,2044,0.3
9,1,5,3,2045,0.3
9,1,5,3,2046,0.3
9,1,5,3,2047,0.3
9,1,5,3,2048,0.3
9,1,5,3,2049,0.3
9,1,5,3,2050,0.3
9,2,5,1,2023,999
9,2,5,1,2024,999
9,2,5,1,2025,999
9,2,5,1,2026,999
9,2,5,1,2027,999
9,2,5,1,2028,999
9,2,5,1,2029,999
9,2,5,1,2030,999
9,2,5,1,2031,999
9,2,5,1,2032,999
9,2,5,1,2033,999
9,2,5,1,2034,999
9,2,5,1,2035,999
9,2,5,1,2036,999
9,2,5,1,2037,999
9,2,5,1,2038,999
9,2,5,1,2039,999
9,2,5,1,2040,999
9,2,5,1,2041,999
9,2,5,1,2042,999
9,2,5,1,2043,999
9,2,5,1,2044,999
9,2,5,1,2045,999
9,2,5,1,2046,999
9,2,5,1,2047,999
9,2,5,1,2048,999
9,2,5,1,2049,999
9,2,5,1,2050,999
9,3,5,1,2023,0.1
9,3,5,1,2024,0.1
9,3,5,1,2025,0.1
9,3,5,1,2026,0.1
9,3,5,1,2027,0.1
9,3,5,1,2028,0.1
9,3,5,1,2029,0.1
9,3,5,1,2030,0.1
9,3,5,1,2031,0.1
9,3,5,1,2032,0.1
9,3,5,1,2033,0.1
9,3,5,1,2034,0.1
9,3,5,1,2035,0.1
9,3,5,1,2036,0.1
9,3,5,1,2037,0.1
9,3,5,1,2038,0.1
9,3,5,1,2039,0.1
9,3,5,1,2040,0.1
9,3,5,1,2041,0.1
9,3,5,1,2042,0.1
9,3,5,1,2043,0.1
9,3,5,1,2044,0.1
9,3,5,1,2045,0.1
9,3,5,1,2046,0.1
9,3,5,1,2047,0.1
9,3,5,1,2048,0.1
9,3,5,1,2049,0.1
9,3,5,1,2050,0.1
9,4,5,1,2023,0.1
9,4,5,1,2024,0.1
9,4,5,1,2025,0.1
9,4,5,1,2026,0.1
9,4,5,1,2027,0.1
9,4,5,1,2028,0.1
9,4,5,1,2029,0.1
9,4,5,1,2030,0.1
9,4,5,1,2031,0.1
9,4,5,1,2032,0.1
9,4,5,1,2033,0.1
9,4,5,1,2034,0.1
9,4,5,1,2035,0.1
9,4,5,1,2036,0.1
9,4,5,1,2037,0.1
9,4,5,1,2038,0.1
9,4,5,1,2039,0.1
9,4,5,1,2040,0.1
9,4,5,1,2041,0.1
9,4,5,1,2042,0.1
9,4,5,1,2043,0.1
9,4,5,1,2044,0.1
9,4,5,1,2045,0.1
9,4,5,1,2046,0.1
9,4,5,1,2047,0.1
9,4,5,1,2048,0.1
9,4,5,1,2049,0.1
9,4,5,1,2050,0.1
10,1,5,1,2023,0.1
10,1,5,1,2024,0.1
10,1,5,1,2025,0.1
10,1,5,1,2026,0.1
10,1,5,1,2027,0.1
10,1,5,1,2028,0.1
10,1,5,1,2029,0.1
10,1,5,1,2030,0.1
10,1,5,1,2031,0.1
10,1,5,1,2032,0.1
10,1,5,1,2033,0.1
10,1,5,1,2034,0.1
10,1,5,1,2035,0.1
10,1,5,1,2036,0.1
10,1,5,1,2037,0.1
10,1,5,1,2038,0.1
10,1,5,1,2039,0.1
10,1,5,1,2040,0.1
10,1,5,1,2041,0.1
10,1,5,1,2042,0.1
10,1,5,1,2043,0.1
10,1,5,1,2044,0.1
10,1,5,1,2045,0.1
10,1,5,1,2046,0.1
10,1,5,1,2047,0.1
10,1,5,1,2048,0.1
10,1,5,1,2049,0.1
10,1,5,1,2050,0.1
10,1,5,2,2023,0.2
10,1,5,2,2024,0.2
10,1,5,2,2025,0.2
10,1,5,2,2026,0.2
10,1,5,2,2027,0.2
10,1,5,2,2028,0.2
10,1,5,2,2029,0.2
10,1,5,2,2030,0.2
10,1,5,2,2031,0.2
10,1,5,2,2032,0.2
10,1,5,2,2033,0.2
10,1,5,2,2034,0.2
10,1,5,2,2035,0.2
10,1,5,2,2036,0.2
10,1,5,2,2037,0.2
10,1,5,2,2038,0.2
10,1,5,2,2039,0.2
10,1,5,2,2040,0.2
10,1,5,2,2041,0.2
10,1,5,2,2042,0.2
10,1,5,2,2043,0.2
10,1,5,2,2044,0.2
10,1,5,2,2045,0.2
10,1,5,2,2046,0.2
10,1,5,2,2047,0.2
10,1,5,2,2048,0.2
10,1,5,2,2049,0.2
10,1,5,2,2050,0.2
10,1,5,3,2023,0.3
10,1,5,3,2024,0.3
10,1,5,3,2025,0.3
10,1,5,3,2026,0.3
10,1,5,3,2027,0.3
10,1,5,3,2028,0.3
10,1,5,3,2029,0.3
10,1,5,3,2030,0.3
10,1,5,3,2031,0.3
10,1,5,3,2032,0.3
10,1,5,3,2033,0.3
10,1,5,3,2034,0.3
10,1,5,3,2035,0.3
10,1,5,3,2036,0.3
10,1,5,3,2037,0.3
10,1,5,3,2038,0.3
10,1,5,3,2039,0.3
10,1,5,3,2040,0.3
10,1,5,3,2041,0.3
10,1,5,3,2042,0.3
10,1,5,3,2043,0.3
10,1,5,3,2044,0.3
10,1,5,3,2045,0.3
10,1,5,3,2046,0.3
10,1,5,3,2047,0.3
10,1,5,3,2048,0.3
10,1,5,3,2049,0.3
10,1,5,3,2050,0.3
10,2,5,1,2023,999
10,2,5,1,2024,999
10,2,5,1,2025,999
10,2,5,1,2026,999
10,2,5,1,2027,999
10,2,5,1,2028,999
10,2,5,1,2029,999
10,2,5,1,2030,999
10,2,5,1,2031,999
10,2,5,1,2032,999
10,2,5,1,2033,999
10,2,5,1,2034,999
10,2,5,1,2035,999
10,2,5,1,2036,999
10,2,5,1,2037,999
10,2,5,1,2038,999
10,2,5,1,2039,999
10,2,5,1,2040,999
10,2,5,1,2041,999
10,2,5,1,2042,999
10,2,5,1,2043,999
10,2,5,1,2044,999
10,2,5,1,2045,999
10,2,5,1,2046,999
10,2,5,1,2047,999
10,2,5,1,2048,999
10,2,5,1,2049,999
10,2,5,1,2050,999
10,3,5,1,2023,0.1
10,3,5,1,2024,0.1
10,3,5,1,2025,0.1
10,3,5,1,2026,0.1
10,3,5,1,2027,0.1
10,3,5,1,2028,0.1
10,3,5,1,2029,0.1
10,3,5,1,2030,0.1
10,3,5,1,2031,0.1
10,3,5,1,2032,0.1
10,3,5,1,2033,0.1
10,3,5,1,2034,0.1
10,3,5,1,2035,0.1
10,3,5,1,2036,0.1
10,3,5,1,2037,0.1
10,3,5,1,2038,0.1
10,3,5,1,2039,0.1
10,3,5,1,2040,0.1
10,3,5,1,2041,0.1
10,3,5,1,2042,0.1
10,3,5,1,2043,0.1
10,3,5,1,2044,0.1
10,3,5,1,2045,0.1
10,3,5,1,2046,0.1
10,3,5,1,2047,0.1
10,3,5,1,2048,0.1
10,3,5,1,2049,0.1
10,3,5,1,2050,0.1
10,4,5,1,2023,0.1
10,4,5,1,2024,0.1
10,4,5,1,2025,0.1
10,4,5,1,2026,0.1
10,4,5,1,2027,0.1
10,4,5,1,2028,0.1
10,4,5,1,2029,0.1
10,4,5,1,2030,0.1
10,4,5,1,2031,0.1
10,4,5,1,2032,0.1
10,4,5,1,2033,0.1
10,4,5,1,2034,0.1
10,4,5,1,2035,0.1
10,4,5,1,2036,0.1
10,4,5,1,2037,0.1
10,4,5,1,2038,0.1
10,4,5,1,2039,0.1
10,4,5,1,2040,0.1
10,4,5,1,2041,0.1
10,4,5,1,2042,0.1
10,4,5,1,2043,0.1
10,4,5,1,2044,0.1
10,4,5,1,2045,0.1
10,4,5,1,2046,0.1
10,4,5,1,2047,0.1
10,4,5,1,2048,0.1
10,4,5,1,2049,0.1
10,4,5,1,2050,0.1
11,1,5,1,2023,0.1
11,1,5,1,2024,0.1
11,1,5,1,2025,0.1
11,1,5,1,2026,0.1
11,1,5,1,2027,0.1
11,1,5,1,2028,0.1
11,1,5,1,2029,0.1
11,1,5,1,2030,0.1
11,1,5,1,2031,0.1
11,1,5,1,2032,0.1
11,1,5,1,2033,0.1
11,1,5,1,2034,0.1
11,1,5,1,2035,0.1
11,1,5,1,2036,0.1
11,1,5,1,2037,0.1
11,1,5,1,2038,0.1
11,1,5,1,2039,0.1
11,1,5,1,2040,0.1
11,1,5,1,2041,0.1
11,1,5,1,2042,0.1
11,1,5,1,2043,0.1
11,1,5,1,2044,0.1
11,1,5,1,2045,0.1
11,1,5,1,2046,0.1
11,1,5,1,2047,0.1
11,1,5,1,2048,0.1
11,1,5,1,2049,0.1
11,1,5,1,2050,0.1
11,1,5,2,2023,0.2
11,1,5,2,2024,0.2
11,1,5,2,2025,0.2
11,1,5,2,2026,0.2
11,1,5,2,2027,0.2
11,1,5,2,2028,0.2
11,1,5,2,2029,0.2
11,1,5,2,2030,0.2
11,1,5,2,2031,0.2
11,1,5,2,2032,0.2
11,1,5,2,2033,0.2
11,1,5,2,2034,0.2
11,1,5,2,2035,0.2
11,1,5,2,2036,0.2
11,1,5,2,2037,0.2
11,1,5,2,2038,0.2
11,1,5,2,2039,0.2
11,1,5,2,2040,0.2
11,1,5,2,2041,0.2
11,1,5,2,2042,0.2
11,1,5,2,2043,0.2
11,1,5,2,2044,0.2
11,1,5,2,2045,0.2
11,1,5,2,2046,0.2
11,1,5,2,2047,0.2
11,1,5,2,2048,0.2
11,1,5,2,2049,0.2
11,1,5,2,2050,0.2
11,1,5,3,2023,0.3
11,1,5,3,2024,0.3
11,1,5,3,2025,0.3
11,1,5,3,2026,0.3
11,1,5,3,2027,0.3
11,1,5,3,2028,0.3
11,1,5,3,2029,0.3
11,1,5,3,2030,0.3
11,1,5,3,2031,0.3
11,1,5,3,2032,0.3
11,1,5,3,2033,0.3
11,1,5,3,2034,0.3
11,1,5,3,2035,0.3
11,1,5,3,2036,0.3
11,1,5,3,2037,0.3
11,1,5,3,2038,0.3
11,1,5,3,2039,0.3
11,1,5,3,2040,0.3
11,1,5,3,2041,0.3
11,1,5,3,2042,0.3
11,1,5,3,2043,0.3
11,1,5,3,2044,0.3
11,1,5,3,2045,0.3
11,1,5,3,2046,0.3
11,1,5,3,2047,0.3
11,1,5,3,2048,0.3
11,1,5,3,2049,0.3
11,1,5,3,2050,0.3
11,2,5,1,2023,999
11,2,5,1,2024,999
11,2,5,1,2025,999
11,2,5,1,2026,999
11,2,5,1,2027,999
11,2,5,1,2028,999
11,2,5,1,2029,999
11,2,5,1,2030,999
11,2,5,1,2031,999
11,2,5,1,2032,999
11,2,5,1,2033,999
11,2,5,1,2034,999
11,2,5,1,2035,999
11,2,5,1,2036,999
11,2,5,1,2037,999
11,2,5,1,2038,999
11,2,5,1,2039,999
11,2,5,1,2040,999
11,2,5,1,2041,999
11,2,5,1,2042,999
11,2,5,1,2043,999
11,2,5,1,2044,999
11,2,5,1,2045,999
11,2,5,1,2046,999
11,2,5,1,2047,999
11,2,5,1,2048,999
11,2,5,1,2049,999
11,2,5,1,2050,999
11,3,5,1,2023,0.1
11,3,5,1,2024,0.1
11,3,5,1,2025,0.1
11,3,5,1,2026,0.1
11,3,5,1,2027,0.1
11,3,5,1,2028,0.1
11,3,5,1,2029,0.1
11,3,5,1,2030,0.1
11,3,5,1,2031,0.1
11,3,5,1,2032,0.1
11,3,5,1,2033,0.1
11,3,5,1,2034,0.1
11,3,5,1,2035,0.1
11,3,5,1,2036,0.1
11,3,5,1,2037,0.1
11,3,5,1,2038,0.1
11,3,5,1,2039,0.1
11,3,5,1,2040,0.1
11,3,5,1,2041,0.1
11,3,5,1,2042,0.1
11,3,5,1,2043,0.1
11,3,5,1,2044,0.1
11,3,5,1,2045,0.1
11,3,5,1,2046,0.1
11,3,5,1,2047,0.1
11,3,5,1,2048,0.1
11,3,5,1,2049,0.1
11,3,5,1,2050,0.1
11,4,5,1,2023,0.1
11,4,5,1,2024,0.1
11,4,5,1,2025,0.1
11,4,5,1,2026,0.1
11,4,5,1,2027,0.1
11,4,5,1,2028,0.1
11,4,5,1,2029,0.1
11,4,5,1,2030,0.1
11,4,5,1,2031,0.1
11,4,5,1,2032,0.1
11,4,5,1,2033,0.1
11,4,5,1,2034,0.1
11,4,5,1,2035,0.1
11,4,5,1,2036,0.1
11,4,5,1,2037,0.1
11,4,5,1,2038,0.1
11,4,5,1,2039,0.1
11,4,5,1,2040,0.1
11,4,5,1,2041,0.1
11,4,5,1,2042,0.1
11,4,5,1,2043,0.1
11,4,5,1,2044,0.1
11,4,5,1,2045,0.1
11,4,5,1,2046,0.1
11,4,5,1,2047,0.1
11,4,5,1,2048,0.1
11,4,5,1,2049,0.1
11,4,5,1,2050,0.1
12,1,5,1,2023,0.1
12,1,5,1,2024,0.1
12,1,5,1,2025,0.1
12,1,5,1,2026,0.1
12,1,5,1,2027,0.1
12,1,5,1,2028,0.1
12,1,5,1,2029,0.1
12,1,5,1,2030,0.1
12,1,5,1,2031,0.1
12,1,5,1,2032,0.1
12,1,5,1,2033,0.1
12,1,5,1,2034,0.1
12,1,5,1,2035,0.1
12,1,5,1,2036,0.1
12,1,5,1,2037,0.1
12,1,5,1,2038,0.1
12,1,5,1,2039,0.1
12,1,5,1,2040,0.1
12,1,5,1,2041,0.1
12,1,5,1,2042,0.1
12,1,5,1,2043,0.1
12,1,5,1,2044,0.1
12,1,5,1,2045,0.1
12,1,5,1,2046,0.1
12,1,5,1,2047,0.1
12,1,5,1,2048,0.1
12,1,5,1,2049,0.1
12,1,5,1,2050,0.1
12,1,5,2,2023,0.2
12,1,5,2,2024,0.2
12,1,5,2,2025,0.2
12,1,5,2,2026,0.2
12,1,5,2,2027,0.2
12,1,5,2,2028,0.2
12,1,5,2,2029,0.2
12,1,5,2,2030,0.2
12,1,5,2,2031,0.2
12,1,5,2,2032,0.2
12,1,5,2,2033,0.2
12,1,5,2,2034,0.2
12,1,5,2,2035,0.2
12,1,5,2,2036,0.2
12,1,5,2,2037,0.2
12,1,5,2,2038,0.2
12,1,5,2,2039,0.2
12,1,5,2,2040,0.2
12,1,5,2,2041,0.2
12,1,5,2,2042,0.2
12,1,5,2,2043,0.2
12,1,5,2,2044,0.2
12,1,5,2,2045,0.2
12,1,5,2,2046,0.2
12,1,5,2,2047,0.2
12,1,5,2,2048,0.2
12,1,5,2,2049,0.2
12,1,5,2,2050,0.2
12,1,5,3,2023,0.3
12,1,5,3,2024,0.3
12,1,5,3,2025,0.3
12,1,5,3,2026,0.3
12,1,5,3,2027,0.3
12,1,5,3,2028,0.3
12,1,5,3,2029,0.3
12,1,5,3,2030,0.3
12,1,5,3,2031,0.3
12,1,5,3,2032,0.3
12,1,5,3,2033,0.3
12,1,5,3,2034,0.3
12,1,5,3,2035,0.3
12,1,5,3,2036,0.3
12,1,5,3,2037,0.3
12,1,5,3,2038,0.3
12,1,5,3,2039,0.3
12,1,5,3,2040,0.3
12,1,5,3,2041,0.3
12,1,5,3,2042,0.3
12,1,5,3,2043,0.3
12,1,5,3,2044,0.3
12,1,5,3,2045,0.3
12,1,5,3,2046,0.3
12,1,5,3,2047,0.3
12,1,5,3,2048,0.3
12,1,5,3,2049,0.3
12,1,5,3,2050,0.3
12,2,5,1,2023,999
12,2,5,1,2024,999
12,2,5,1,2025,999
12,2,5,1,2026,999
12,2,5,1,2027,999
12,2,5,1,2028,999
12,2,5,1,2029,999
12,2,5,1,2030,999
12,2,5,1,2031,999
12,2,5,1,2032,999
12,2,5,1,2033,999
12,2,5,1,2034,999
12,2,5,1,2035,999
12,2,5,1,2036,999
12,2,5,1,2037,999
12,2,5,1,2038,999
12,2,5,1,2039,999
12,2,5,1,2040,999
12,2,5,1,2041,999
12,2,5,1,2042,999
12,2,5,1,2043,999
12,2,5,1,2044,999
12,2,5,1,2045,999
12,2,5,1,2046,999
12,2,5,1,2047,999
12,2,5,1,2048,999
12,2,5,1,2049,999
12,2,5,1,2050,999
12,3,5,1,2023,0.1
12,3,5,1,2024,0.1
12,3,5,1,2025,0.1
12,3,5,1,2026,0.1
12,3,5,1,2027,0.1
12,3,5,1,2028,0.1
12,3,5,1,2029,0.1
12,3,5,1,2030,0.1
12,3,5,1,2031,0.1
12,3,5,1,2032,0.1
12,3,5,1,2033,0.1
12,3,5,1,2034,0.1
12,3,5,1,2035,0.1
12,3,5,1,2036,0.1
12,3,5,1,2037,0.1
12,3,5,1,2038,0.1
12,3,5,1,2039,0.1
12,3,5,1,2040,0.1
12,3,5,1,2041,0.1
12,3,5,1,2042,0.1
12,3,5,1,2043,0.1
12,3,5,1,2044,0.1
12,3,5,1,2045,0.1
12,3,5,1,2046,0.1
12,3,5,1,2047,0.1
12,3,5,1,2048,0.1
12,3,5,1,2049,0.1
12,3,5,1,2050,0.1
12,4,5,1,2023,0.1
12,4,5,1,2024,0.1
12,4,5,1,2025,0.1
12,4,5,1,2026,0.1
12,4,5,1,2027,0.1
12,4,5,1,2028,0.1
12,4,5,1,2029,0.1
12,4,5,1,2030,0.1
12,4,5,1,2031,0.1
12,4,5,1,2032,0.1
12,4,5,1,2033,0.1
12,4,5,1,2034,0.1
12,4,5,1,2035,0.1
12,4,5,1,2036,0.1
12,4,5,1,2037,0.1
12,4,5,1,2038,0.1
12,4,5,1,2039,0.1
12,4,5,1,2040,0.1
12,4,5,1,2041,0.1
12,4,5,1,2042,0.1
12,4,5,1,2043,0.1
12,4,5,1,2044,0.1
12,4,5,1,2045,0.1
12,4,5,1,2046,0.1
12,4,5,1,2047,0.1
12,4,5,1,2048,0.1
12,4,5,1,2049,0.1
12,4,5,1,2050,0.1
13,1,5,1,2023,0.1
13,1,5,1,2024,0.1
13,1,5,1,2025,0.1
13,1,5,1,2026,0.1
13,1,5,1,2027,0.1
13,1,5,1,2028,0.1
13,1,5,1,2029,0.1
13,1,5,1,2030,0.1
13,1,5,1,2031,0.1
13,1,5,1,2032,0.1
13,1,5,1,2033,0.1
13,1,5,1,2034,0.1
13,1,5,1,2035,0.1
13,1,5,1,2036,0.1
13,1,5,1,2037,0.1
13,1,5,1,2038,0.1
13,1,5,1,2039,0.1
13,1,5,1,2040,0.1
13,1,5,1,2041,0.1
13,1,5,1,2042,0.1
13,1,5,1,2043,0.1
13,1,5,1,2044,0.1
13,1,5,1,2045,0.1
13,1,5,1,2046,0.1
13,1,5,1,2047,0.1
13,1,5,1,2048,0.1
13,1,5,1,2049,0.1
13,1,5,1,2050,0.1
13,1,5,2,2023,0.2
13,1,5,2,2024,0.2
13,1,5,2,2025,0.2
13,1,5,2,2026,0.2
13,1,5,2,2027,0.2
13,1,5,2,2028,0.2
13,1,5,2,2029,0.2
13,1,5,2,2030,0.2
13,1,5,2,2031,0.2
13,1,5,2,2032,0.2
13,1,5,2,2033,0.2
13,1,5,2,2034,0.2
13,1,5,2,2035,0.2
13,1,5,2,2036,0.2
13,1,5,2,2037,0.2
13,1,5,2,2038,0.2
13,1,5,2,2039,0.2
13,1,5,2,2040,0.2
13,1,5,2,2041,0.2
13,1,5,2,2042,0.2
13,1,5,2,2043,0.2
13,1,5,2,2044,0.2
13,1,5,2,2045,0.2
13,1,5,2,2046,0.2
13,1,5,2,2047,0.2
13,1,5,2,2048,0.2
13,1,5,2,2049,0.2
13,1,5,2,2050,0.2
13,1,5,3,2023,0.3
13,1,5,3,2024,0.3
13,1,5,3,2025,0.3
13,1,5,3,2026,0.3
13,1,5,3,2027,0.3
13,1,5,3,2028,0.3
13,1,5,3,2029,0.3
13,1,5,3,2030,0.3
13,1,5,3,2031,0.3
13,1,5,3,2032,0.3
13,1,5,3,2033,0.3
13,1,5,3,2034,0.3
13,1,5,3,2035,0.3
13,1,5,3,2036,0.3
13,1,5,3,2037,0.3
13,1,5,3,2038,0.3
13,1,5,3,2039,0.3
13,1,5,3,2040,0.3
13,1,5,3,2041,0.3
13,1,5,3,2042,0.3
13,1,5,3,2043,0.3
13,1,5,3,2044,0.3
13,1,5,3,2045,0.3
13,1,5,3,2046,0.3
13,1,5,3,2047,0.3
13,1,5,3,2048,0.3
13,1,5,3,2049,0.3
13,1,5,3,2050,0.3
13,2,5,1,2023,999
13,2,5,1,2024,999
13,2,5,1,2025,999
13,2,5,1,2026,999
13,2,5,1,2027,999
13,2,5,1,2028,999
13,2,5,1,2029,999
13,2,5,1,2030,999
13,2,5,1,2031,999
13,2,5,1,2032,999
13,2,5,1,2033,999
13,2,5,1,2034,999
13,2,5,1,2035,999
13,2,5,1,2036,999
13,2,5,1,2037,999
13,2,5,1,2038,999
13,2,5,1,2039,999
13,2,5,1,2040,999
13,2,5,1,2041,999
13,2,5,1,2042,999
13,2,5,1,2043,999
13,2,5,1,2044,999
13,2,5,1,2045,999
13,2,5,1,2046,999
13,2,5,1,2047,999
13,2,5,1,2048,999
13,2,5,1,2049,999
13,2,5,1,2050,999
13,3,5,1,2023,0.1
13,3,5,1,2024,0.1
13,3,5,1,2025,0.1
13,3,5,1,2026,0.1
13,3,5,1,2027,0.1
13,3,5,1,2028,0.1
13,3,5,1,2029,0.1
13,3,5,1,2030,0.1
13,3,5,1,2031,0.1
13,3,5,1,2032,0.1
13,3,5,1,2033,0.1
13,3,5,1,2034,0.1
13,3,5,1,2035,0.1
13,3,5,1,2036,0.1
13,3,5,1,2037,0.1
13,3,5,1,2038,0.1
13,3,5,1,2039,0.1
13,3,5,1,2040,0.1
13,3,5,1,2041,0.1
13,3,5,1,2042,0.1
13,3,5,1,2043,0.1
13,3,5,1,2044,0.1
13,3,5,1,2045,0.1
13,3,5,1,2046,0.1
13,3,5,1,2047,0.1
13,3,5,1,2048,0.1
13,3,5,1,2049,0.1
13,3,5,1,2050,0.1
13,4,5,1,2023,0.1
13,4,5,1,2024,0.1
13,4,5,1,2025,0.1
13,4,5,1,2026,0.1
13,4,5,1,2027,0.1
13,4,5,1,2028,0.1
13,4,5,1,2029,0.1
13,4,5,1,2030,0.1
13,4,5,1,2031,0.1
13,4,5,1,2032,0.1
13,4,5,1,2033,0.1
13,4,5,1,2034,0.1
13,4,5,1,2035,0.1
13,4,5,1,2036,0.1
13,4,5,1,2037,0.1
13,4,5,1,2038,0.1
13,4,5,1,2039,0.1
13,4,5,1,2040,0.1
13,4,5,1,2041,0.1
13,4,5,1,2042,0.1
13,4,5,1,2043,0.1
13,4,5,1,2044,0.1
13,4,5,1,2045,0.1
13,4,5,1,2046,0.1
13,4,5,1,2047,0.1
13,4,5,1,2048,0.1
13,4,5,1,2049,0.1
13,4,5,1,2050,0.1
14,1,5,1,2023,0.1
14,1,5,1,2024,0.1
14,1,5,1,2025,0.1
14,1,5,1,2026,0.1
14,1,5,1,2027,0.1
14,1,5,1,2028,0.1
14,1,5,1,2029,0.1
14,1,5,1,2030,0.1
14,1,5,1,2031,0.1
14,1,5,1,2032,0.1
14,1,5,1,2033,0.1
14,1,5,1,2034,0.1
14,1,5,1,2035,0.1
14,1,5,1,2036,0.1
14,1,5,1,2037,0.1
14,1,5,1,2038,0.1
14,1,5,1,2039,0.1
14,1,5,1,2040,0.1
14,1,5,1,2041,0.1
14,1,5,1,2042,0.1
14,1,5,1,2043,0.1
14,1,5,1,2044,0.1
14,1,5,1,2045,0.1
14,1,5,1,2046,0.1
14,1,5,1,2047,0.1
14,1,5,1,2048,0.1
14,1,5,1,2049,0.1
14,1,5,1,2050,0.1
14,1,5,2,2023,0.2
14,1,5,2,2024,0.2
14,1,5,2,2025,0.2
14,1,5,2,2026,0.2
14,1,5,2,2027,0.2
14,1,5,2,2028,0.2
14,1,5,2,2029,0.2
14,1,5,2,2030,0.2
14,1,5,2,2031,0.2
14,1,5,2,2032,0.2
14,1,5,2,2033,0.2
14,1,5,2,2034,0.2
14,1,5,2,2035,0.2
14,1,5,2,2036,0.2
14,1,5,2,2037,0.2
14,1,5,2,2038,0.2
14,1,5,2,2039,0.2
14,1,5,2,2040,0.2
14,1,5,2,2041,0.2
14,1,5,2,2042,0.2
14,1,5,2,2043,0.2
14,1,5,2,2044,0.2
14,1,5,2,2045,0.2
14,1,5,2,2046,0.2
14,1,5,2,2047,0.2
14,1,5,2,2048,0.2
14,1,5,2,2049,0.2
14,1,5,2,2050,0.2
14,1,5,3,2023,0.3
14,1,5,3,2024,0.3
14,1,5,3,2025,0.3
14,1,5,3,2026,0.3
14,1,5,3,2027,0.3
14,1,5,3,2028,0.3
14,1,5,3,2029,0.3
14,1,5,3,2030,0.3
14,1,5,3,2031,0.3
14,1,5,3,2032,0.3
14,1,5,3,2033,0.3
14,1,5,3,2034,0.3
14,1,5,3,2035,0.3
14,1,5,3,2036,0.3
14,1,5,3,2037,0.3
14,1,5,3,2038,0.3
14,1,5,3,2039,0.3
14,1,5,3,2040,0.3
14,1,5,3,2041,0.3
14,1,5,3,2042,0.3
14,1,5,3,2043,0.3
14,1,5,3,2044,0.3
14,1,5,3,2045,0.3
14,1,5,3,2046,0.3
14,1,5,3,2047,0.3
14,1,5,3,2048,0.3
14,1,5,3,2049,0.3
14,1,5,3,2050,0.3
14,2,5,1,2023,999
14,2,5,1,2024,999
14,2,5,1,2025,999
14,2,5,1,2026,999
14,2,5,1,2027,999
14,2,5,1,2028,999
14,2,5,1,2029,999
14,2,5,1,2030,999
14,2,5,1,2031,999
14,2,5,1,2032,999
14,2,5,1,2033,999
14,2,5,1,2034,999
14,2,5,1,2035,999
14,2,5,1,2036,999
14,2,5,1,2037,999
14,2,5,1,2038,999
14,2,5,1,2039,999
14,2,5,1,2040,999
14,2,5,1,2041,999
14,2,5,1,2042,999
14,2,5,1,2043,999
14,2,5,1,2044,999
14,2,5,1,2045,999
14,2,5,1,2046,999
14,2,5,1,2047,999
14,2,5,1,2048,999
14,2,5,1,2049,999
14,2,5,1,2050,999
14,3,5,1,2023,0.1
14,3,5,1,2024,0.1
14,3,5,1,2025,0.1
14,3,5,1,2026,0.1
14,3,5,1,2027,0.1
14,3,5,1,2028,0.1
14,3,5,1,2029,0.1
14,3,5,1,2030,0.1
14,3,5,1,2031,0.1
14,3,5,1,2032,0.1
14,3,5,1,2033,0.1
14,3,5,1,2034,0.1
14,3,5,1,2035,0.1
14,3,5,1,2036,0.1
14,3,5,1,2037,0.1
14,3,5,1,2038,0.1
14,3,5,1,2039,0.1
14,3,5,1,2040,0.1
14,3,5,1,2041,0.1
14,3,5,1,2042,0.1
14,3,5,1,2043,0.1
14,3,5,1,2044,0.1
14,3,5,1,2045,0.1
14,3,5,1,2046,0.1
14,3,5,1,2047,0.1
14,3,5,1,2048,0.1
14,3,5,1,2049,0.1
14,3,5,1,2050,0.1
14,4,5,1,2023,0.1
14,4,5,1,2024,0.1
14,4,5,1,2025,0.1
14,4,5,1,2026,0.1
14,4,5,1,2027,0.1
14,4,5,1,2028,0.1
14,4,5,1,2029,0.1
14,4,5,1,2030,0.1
14,4,5,1,2031,0.1
14,4,5,1,2032,0.1
14,4,5,1,2033,0.1
14,4,5,1,2034,0.1
14,4,5,1,2035,0.1
14,4,5,1,2036,0.1
14,4,5,1,2037,0.1
14,4,5,1,2038,0.1
14,4,5,1,2039,0.1
14,4,5,1,2040,0.1
14,4,5,1,2041,0.1
14,4,5,1,2042,0.1
14,4,5,1,2043,0.1
14,4,5,1,2044,0.1
14,4,5,1,2045,0.1
14,4,5,1,2046,0.1
14,4,5,1,2047,0.1
14,4,5,1,2048,0.1
14,4,5,1,2049,0.1
14,4,5,1,2050,0.1
15,1,5,1,2023,0.1
15,1,5,1,2024,0.1
15,1,5,1,2025,0.1
15,1,5,1,2026,0.1
15,1,5,1,2027,0.1
15,1,5,1,2028,0.1
15,1,5,1,2029,0.1
15,1,5,1,2030,0.1
15,1,5,1,2031,0.1
15,1,5,1,2032,0.1
15,1,5,1,2033,0.1
15,1,5,1,2034,0.1
15,1,5,1,2035,0.1
15,1,5,1,2036,0.1
15,1,5,1,2037,0.1
15,1,5,1,2038,0.1
15,1,5,1,2039,0.1
15,1,5,1,2040,0.1
15,1,5,1,2041,0.1
15,1,5,1,2042,0.1
15,1,5,1,2043,0.1
15,1,5,1,2044,0.1
15,1,5,1,2045,0.1
15,1,5,1,2046,0.1
15,1,5,1,2047,0.1
15,1,5,1,2048,0.1
15,1,5,1,2049,0.1
15,1,5,1,2050,0.1
15,1,5,2,2023,0.2
15,1,5,2,2024,0.2
15,1,5,2,2025,0.2
15,1,5,2,2026,0.2
15,1,5,2,2027,0.2
15,1,5,2,2028,0.2
15,1,5,2,2029,0.2
15,1,5,2,2030,0.2
15,1,5,2,2031,0.2
15,1,5,2,2032,0.2
15,1,5,2,2033,0.2
15,1,5,2,2034,0.2
15,1,5,2,2035,0.2
15,1,5,2,2036,0.2
15,1,5,2,2037,0.2
15,1,5,2,2038,0.2
15,1,5,2,2039,0.2
15,1,5,2,2040,0.2
15,1,5,2,2041,0.2
15,1,5,2,2042,0.2
15,1,5,2,2043,0.2
15,1,5,2,2044,0.2
15,1,5,2,2045,0.2
15,1,5,2,2046,0.2
15,1,5,2,2047,0.2
15,1,5,2,2048,0.2
15,1,5,2,2049,0.2
15,1,5,2,2050,0.2
15,1,5,3,2023,0.3
15,1,5,3,2024,0.3
15,1,5,3,2025,0.3
15,1,5,3,2026,0.3
15,1,5,3,2027,0.3
15,1,5,3,2028,0.3
15,1,5,3,2029,0.3
15,1,5,3,2030,0.3
15,1,5,3,2031,0.3
15,1,5,3,2032,0.3
15,1,5,3,2033,0.3
15,1,5,3,2034,0.3
15,1,5,3,2035,0.3
15,1,5,3,2036,0.3
15,1,5,3,2037,0.3
15,1,5,3,2038,0.3
15,1,5,3,2039,0.3
15,1,5,3,2040,0.3
15,1,5,3,2041,0.3
15,1,5,3,2042,0.3
15,1,5,3,2043,0.3
15,1,5,3,2044,0.3
15,1,5,3,2045,0.3
15,1,5,3,2046,0.3
15,1,5,3,2047,0.3
15,1,5,3,2048,0.3
15,1,5,3,2049,0.3
15,1,5,3,2050,0.3
15,2,5,1,2023,999
15,2,5,1,2024,999
15,2,5,1,2025,999
15,2,5,1,2026,999
15,2,5,1,2027,999
15,2,5,1,2028,999
15,2,5,1,2029,999
15,2,5,1,2030,999
15,2,5,1,2031,999
15,2,5,1,2032,999
15,2,5,1,2033,999
15,2,5,1,2034,999
15,2,5,1,2035,999
15,2,5,1,2036,999
15,2,5,1,2037,999
15,2,5,1,2038,999
15,2,5,1,2039,999
15,2,5,1,2040,999
15,2,5,1,2041,999
15,2,5,1,2042,999
15,2,5,1,2043,999
15,2,5,1,2044,999
15,2,5,1,2045,999
15,2,5,1,2046,999
15,2,5,1,2047,999
15,2,5,1,2048,999
15,2,5,1,2049,999
15,2,5,1,2050,999
15,3,5,1,2023,0.1
15,3,5,1,2024,0.1
15,3,5,1,2025,0.1
15,3,5,1,2026,0.1
15,3,5,1,2027,0.1
15,3,5,1,2028,0.1
15,3,5,1,2029,0.1
15,3,5,1,2030,0.1
15,3,5,1,2031,0.1
15,3,5,1,2032,0.1
15,3,5,1,2033,0.1
15,3,5,1,2034,0.1
15,3,5,1,2035,0.1
15,3,5,1,2036,0.1
15,3,5,1,2037,0.1
15,3,5,1,2038,0.1
15,3,5,1,2039,0.1
15,3,5,1,2040,0.1
15,3,5,1,2041,0.1
15,3,5,1,2042,0.1
15,3,5,1,2043,0.1
15,3,5,1,2044,0.1
15,3,5,1,2045,0.1
15,3,5,1,2046,0.1
15,3,5,1,2047,0.1
15,3,5,1,2048,0.1
15,3,5,1,2049,0.1
15,3,5,1,2050,0.1
15,4,5,1,2023,0.1
15,4,5,1,2024,0.1
15,4,5,1,2025,0.1
15,4,5,1,2026,0.1
15,4,5,1,2027,0.1
15,4,5,1,2028,0.1
15,4,5,1,2029,0.1
15,4,5,1,2030,0.1
15,4,5,1,2031,0.1
15,4,5,1,2032,0.1
15,4,5,1,2033,0.1
15,4,5,1,2034,0.1
15,4,5,1,2035,0.1
15,4,5,1,2036,0.1
15,4,5,1,2037,0.1
15,4,5,1,2038,0.1
15,4,5,1,2039,0.1
15,4,5,1,2040,0.1
15,4,5,1,2041,0.1
15,4,5,1,2042,0.1
15,4,5,1,2043,0.1
15,4,5,1,2044,0.1
15,4,5,1,2045,0.1
15,4,5,1,2046,0.1
15,4,5,1,2047,0.1
15,4,5,1,2048,0.1
15,4,5,1,2049,0.1
15,4,5,1,2050,0.1
16,1,5,1,2023,0.1
16,1,5,1,2024,0.1
16,1,5,1,2025,0.1
16,1,5,1,2026,0.1
16,1,5,1,2027,0.1
16,1,5,1,2028,0.1
16,1,5,1,2029,0.1
16,1,5,1,2030,0.1
16,1,5,1,2031,0.1
16,1,5,1,2032,0.1
16,1,5,1,2033,0.1
16,1,5,1,2034,0.1
16,1,5,1,2035,0.1
16,1,5,1,2036,0.1
16,1,5,1,2037,0.1
16,1,5,1,2038,0.1
16,1,5,1,2039,0.1
16,1,5,1,2040,0.1
16,1,5,1,2041,0.1
16,1,5,1,2042,0.1
16,1,5,1,2043,0.1
16,1,5,1,2044,0.1
16,1,5,1,2045,0.1
16,1,5,1,2046,0.1
16,1,5,1,2047,0.1
16,1,5,1,2048,0.1
16,1,5,1,2049,0.1
16,1,5,1,2050,0.1
16,1,5,2,2023,0.2
16,1,5,2,2024,0.2
16,1,5,2,2025,0.2
16,1,5,2,2026,0.2
16,1,5,2,2027,0.2
16,1,5,2,2028,0.2
16,1,5,2,2029,0.2
16,1,5,2,2030,0.2
16,1,5,2,2031,0.2
16,1,5,2,2032,0.2
16,1,5,2,2033,0.2
16,1,5,2,2034,0.2
16,1,5,2,2035,0.2
16,1,5,2,2036,0.2
16,1,5,2,2037,0.2
16,1,5,2,2038,0.2
16,1,5,2,2039,0.2
16,1,5,2,2040,0.2
16,1,5,2,2041,0.2
16,1,5,2,2042,0.2
16,1,5,2,2043,0.2
16,1,5,2,2044,0.2
16,1,5,2,2045,0.2
16,1,5,2,2046,0.2
16,1,5,2,2047,0.2
16,1,5,2,2048,0.2
16,1,5,2,2049,0.2
16,1,5,2,2050,0.2
16,1,5,3,2023,0.3
16,1,5,3,2024,0.3
16,1,5,3,2025,0.3
16,1,5,3,2026,0.3
16,1,5,3,2027,0.3
16,1,5,3,2028,0.3
16,1,5,3,2029,0.3
16,1,5,3,2030,0.3
16,1,5,3,2031,0.3
16,1,5,3,2032,0.3
16,1,5,3,2033,0.3
16,1,5,3,2034,0.3
16,1,5,3,2035,0.3
16,1,5,3,2036,0.3
16,1,5,3,2037,0.3
16,1,5,3,2038,0.3
16,1,5,3,2039,0.3
16,1,5,3,2040,0.3
16,1,5,3,2041,0.3
16,1,5,3,2042,0.3
16,1,5,3,2043,0.3
16,1,5,3,2044,0.3
16,1,5,3,2045,0.3
16,1,5,3,2046,0.3
16,1,5,3,2047,0.3
16,1,5,3,2048,0.3
16,1,5,3,2049,0.3
16,1,5,3,2050,0.3
16,2,5,1,2023,999
16,2,5,1,2024,999
16,2,5,1,2025,999
16,2,5,1,2026,999
16,2,5,1,2027,999
16,2,5,1,2028,999
16,2,5,1,2029,999
16,2,5,1,2030,999
16,2,5,1,2031,999
16,2,5,1,2032,999
16,2,5,1,2033,999
16,2,5,1,2034,999
16,2,5,1,2035,999
16,2,5,1,2036,999
16,2,5,1,2037,999
16,2,5,1,2038,999
16,2,5,1,2039,999
16,2,5,1,2040,999
16,2,5,1,2041,999
16,2,5,1,2042,999
16,2,5,1,2043,999
16,2,5,1,2044,999
16,2,5,1,2045,999
16,2,5,1,2046,999
16,2,5,1,2047,999
16,2,5,1,2048,999
16,2,5,1,2049,999
16,2,5,1,2050,999
16,3,5,1,2023,0.1
16,3,5,1,2024,0.1
16,3,5,1,2025,0.1
16,3,5,1,2026,0.1
16,3,5,1,2027,0.1
16,3,5,1,2028,0.1
16,3,5,1,2029,0.1
16,3,5,1,2030,0.1
16,3,5,1,2031,0.1
16,3,5,1,2032,0.1
16,3,5,1,2033,0.1
16,3,5,1,2034,0.1
16,3,5,1,2035,0.1
16,3,5,1,2036,0.1
16,3,5,1,2037,0.1
16,3,5,1,2038,0.1
16,3,5,1,2039,0.1
16,3,5,1,2040,0.1
16,3,5,1,2041,0.1
16,3,5,1,2042,0.1
16,3,5,1,2043,0.1
16,3,5,1,2044,0.1
16,3,5,1,2045,0.1
16,3,5,1,2046,0.1
16,3,5,1,2047,0.1
16,3,5,1,2048,0.1
16,3,5,1,2049,0.1
16,3,5,1,2050,0.1
16,4,5,1,2023,0.1
16,4,5,1,2024,0.1
16,4,5,1,2025,0.1
16,4,5,1,2026,0.1
16,4,5,1,2027,0.1
16,4,5,1,2028,0.1
16,4,5,1,2029,0.1
16,4,5,1,2030,0.1
16,4,5,1,2031,0.1
16,4,5,1,2032,0.1
16,4,5,1,2033,0.1
16,4,5,1,2034,0.1
16,4,5,1,2035,0.1
16,4,5,1,2036,0.1
16,4,5,1,2037,0.1
16,4,5,1,2038,0.1
16,4,5,1,2039,0.1
16,4,5,1,2040,0.1
16,4,5,1,2041,0.1
16,4,5,1,2042,0.1
16,4,5,1,2043,0.1
16,4,5,1,2044,0.1
16,4,5,1,2045,0.1
16,4,5,1,2046,0.1
16,4,5,1,2047,0.1
16,4,5,1,2048,0.1
16,4,5,1,2049,0.1
16,4,5,1,2050,0.1
17,1,5,1,2023,0.1
17,1,5,1,2024,0.1
17,1,5,1,2025,0.1
17,1,5,1,2026,0.1
17,1,5,1,2027,0.1
17,1,5,1,2028,0.1
17,1,5,1,2029,0.1
17,1,5,1,2030,0.1
17,1,5,1,2031,0.1
17,1,5,1,2032,0.1
17,1,5,1,2033,0.1
17,1,5,1,2034,0.1
17,1,5,1,2035,0.1
17,1,5,1,2036,0.1
17,1,5,1,2037,0.1
17,1,5,1,2038,0.1
17,1,5,1,2039,0.1
17,1,5,1,2040,0.1
17,1,5,1,2041,0.1
17,1,5,1,2042,0.1
17,1,5,1,2043,0.1
17,1,5,1,2044,0.1
17,1,5,1,2045,0.1
17,1,5,1,2046,0.1
17,1,5,1,2047,0.1
17,1,5,1,2048,0.1
17,1,5,1,2049,0.1
17,1,5,1,2050,0.1
17,1,5,2,2023,0.2
17,1,5,2,2024,0.2
17,1,5,2,2025,0.2
17,1,5,2,2026,0.2
17,1,5,2,2027,0.2
17,1,5,2,2028,0.2
17,1,5,2,2029,0.2
17,1,5,2,2030,0.2
17,1,5,2,2031,0.2
17,1,5,2,2032,0.2
17,1,5,2,2033,0.2
17,1,5,2,2034,0.2
17,1,5,2,2035,0.2
17,1,5,2,2036,0.2
17,1,5,2,2037,0.2
17,1,5,2,2038,0.2
17,1,5,2,2039,0.2
17,1,5,2,2040,0.2
17,1,5,2,2041,0.2
17,1,5,2,2042,0.2
17,1,5,2,2043,0.2
17,1,5,2,2044,0.2
17,1,5,2,2045,0.2
17,1,5,2,2046,0.2
17,1,5,2,2047,0.2
17,1,5,2,2048,0.2
17,1,5,2,2049,0.2
17,1,5,2,2050,0.2
17,1,5,3,2023,0.3
17,1,5,3,2024,0.3
17,1,5,3,2025,0.3
17,1,5,3,2026,0.3
17,1,5,3,2027,0.3
17,1,5,3,2028,0.3
17,1,5,3,2029,0.3
17,1,5,3,2030,0.3
17,1,5,3,2031,0.3
17,1,5,3,2032,0.3
17,1,5,3,2033,0.3
17,1,5,3,2034,0.3
17,1,5,3,2035,0.3
17,1,5,3,2036,0.3
17,1,5,3,2037,0.3
17,1,5,3,2038,0.3
17,1,5,3,2039,0.3
17,1,5,3,2040,0.3
17,1,5,3,2041,0.3
17,1,5,3,2042,0.3
17,1,5,3,2043,0.3
17,1,5,3,2044,0.3
17,1,5,3,2045,0.3
17,1,5,3,2046,0.3
17,1,5,3,2047,0.3
17,1,5,3,2048,0.3
17,1,5,3,2049,0.3
17,1,5,3,2050,0.3
17,2,5,1,2023,999
17,2,5,1,2024,999
17,2,5,1,2025,999
17,2,5,1,2026,999
17,2,5,1,2027,999
17,2,5,1,2028,999
17,2,5,1,2029,999
17,2,5,1,2030,999
17,2,5,1,2031,999
17,2,5,1,2032,999
17,2,5,1,2033,999
17,2,5,1,2034,999
17,2,5,1,2035,999
17,2,5,1,2036,999
17,2,5,1,2037,999
17,2,5,1,2038,999
17,2,5,1,2039,999
17,2,5,1,2040,999
17,2,5,1,2041,999
17,2,5,1,2042,999
17,2,5,1,2043,999
17,2,5,1,2044,999
17,2,5,1,2045,999
17,2,5,1,2046,999
17,2,5,1,2047,999
17,2,5,1,2048,999
17,2,5,1,2049,999
17,2,5,1,2050,999
17,3,5,1,2023,0.1
17,3,5,1,2024,0.1
17,3,5,1,2025,0.1
17,3,5,1,2026,0.1
17,3,5,1,2027,0.1
17,3,5,1,2028,0.1
17,3,5,1,2029,0.1
17,3,5,1,2030,0.1
17,3,5,1,2031,0.1
17,3,5,1,2032,0.1
17,3,5,1,2033,0.1
17,3,5,1,2034,0.1
17,3,5,1,2035,0.1
17,3,5,1,2036,0.1
17,3,5,1,2037,0.1
17,3,5,1,2038,0.1
17,3,5,1,2039,0.1
17,3,5,1,2040,0.1
17,3,5,1,2041,0.1
17,3,5,1,2042,0.1
17,3,5,1,2043,0.1
17,3,5,1,2044,0.1
17,3,5,1,2045,0.1
17,3,5,1,2046,0.1
17,3,5,1,2047,0.1
17,3,5,1,2048,0.1
17,3,5,1,2049,0.1
17,3,5,1,2050,0.1
17,4,5,1,2023,0.1
17,4,5,1,2024,0.1
17,4,5,1,2025,0.1
17,4,5,1,2026,0.1
17,4,5,1,2027,0.1
17,4,5,1,2028,0.1
17,4,5,1,2029,0.1
17,4,5,1,2030,0.1
17,4,5,1,2031,0.1
17,4,5,1,2032,0.1
17,4,5,1,2033,0.1
17,4,5,1,2034,0.1
17,4,5,1,2035,0.1
17,4,5,1,2036,0.1
17,4,5,1,2037,0.1
17,4,5,1,2038,0.1
17,4,5,1,2039,0.1
17,4,5,1,2040,0.1
17,4,5,1,2041,0.1
17,4,5,1,2042,0.1
17,4,5,1,2043,0.1
17,4,5,1,2044,0.1
17,4,5,1,2045,0.1
17,4,5,1,2046,0.1
17,4,5,1,2047,0.1
17,4,5,1,2048,0.1
17,4,5,1,2049,0.1
17,4,5,1,2050,0.1
18,1,5,1,2023,0.1
18,1,5,1,2024,0.1
18,1,5,1,2025,0.1
18,1,5,1,2026,0.1
18,1,5,1,2027,0.1
18,1,5,1,2028,0.1
18,1,5,1,2029,0.1
18,1,5,1,2030,0.1
18,1,5,1,2031,0.1
18,1,5,1,2032,0.1
18,1,5,1,2033,0.1
18,1,5,1,2034,0.1
18,1,5,1,2035,0.1
18,1,5,1,2036,0.1
18,1,5,1,2037,0.1
18,1,5,1,2038,0.1
18,1,5,1,2039,0.1
18,1,5,1,2040,0.1
18,1,5,1,2041,0.1
18,1,5,1,2042,0.1
18,1,5,1,2043,0.1
18,1,5,1,2044,0.1
18,1,5,1,2045,0.1
18,1,5,1,2046,0.1
18,1,5,1,2047,0.1
18,1,5,1,2048,0.1
18,1,5,1,2049,0.1
18,1,5,1,2050,0.1
18,1,5,2,2023,0.2
18,1,5,2,2024,0.2
18,1,5,2,2025,0.2
18,1,5,2,2026,0.2
18,1,5,2,2027,0.2
18,1,5,2,2028,0.2
18,1,5,2,2029,0.2
18,1,5,2,2030,0.2
18,1,5,2,2031,0.2
18,1,5,2,2032,0.2
18,1,5,2,2033,0.2
18,1,5,2,2034,0.2
18,1,5,2,2035,0.2
18,1,5,2,2036,0.2
18,1,5,2,2037,0.2
18,1,5,2,2038,0.2
18,1,5,2,2039,0.2
18,1,5,2,2040,0.2
18,1,5,2,2041,0.2
18,1,5,2,2042,0.2
18,1,5,2,2043,0.2
18,1,5,2,2044,0.2
18,1,5,2,2045,0.2
18,1,5,2,2046,0.2
18,1,5,2,2047,0.2
18,1,5,2,2048,0.2
18,1,5,2,2049,0.2
18,1,5,2,2050,0.2
18,1,5,3,2023,0.3
18,1,5,3,2024,0.3
18,1,5,3,2025,0.3
18,1,5,3,2026,0.3
18,1,5,3,2027,0.3
18,1,5,3,2028,0.3
18,1,5,3,2029,0.3
18,1,5,3,2030,0.3
18,1,5,3,2031,0.3
18,1,5,3,2032,0.3
18,1,5,3,2033,0.3
18,1,5,3,2034,0.3
18,1,5,3,2035,0.3
18,1,5,3,2036,0.3
18,1,5,3,2037,0.3
18,1,5,3,2038,0.3
18,1,5,3,2039,0.3
18,1,5,3,2040,0.3
18,1,5,3,2041,0.3
18,1,5,3,2042,0.3
18,1,5,3,2043,0.3
18,1,5,3,2044,0.3
18,1,5,3,2045,0.3
18,1,5,3,2046,0.3
18,1,5,3,2047,0.3
18,1,5,3,2048,0.3
18,1,5,3,2049,0.3
18,1,5,3,2050,0.3
18,2,5,1,2023,999
18,2,5,1,2024,999
18,2,5,1,2025,999
18,2,5,1,2026,999
18,2,5,1,2027,999
18,2,5,1,2028,999
18,2,5,1,2029,999
18,2,5,1,2030,999
18,2,5,1,2031,999
18,2,5,1,2032,999
18,2,5,1,2033,999
18,2,5,1,2034,999
18,2,5,1,2035,999
18,2,5,1,2036,999
18,2,5,1,2037,999
18,2,5,1,2038,999
18,2,5,1,2039,999
18,2,5,1,2040,999
18,2,5,1,2041,999
18,2,5,1,2042,999
18,2,5,1,2043,999
18,2,5,1,2044,999
18,2,5,1,2045,999
18,2,5,1,2046,999
18,2,5,1,2047,999
18,2,5,1,2048,999
18,2,5,1,2049,999
18,2,5,1,2050,999
18,3,5,1,2023,0.1
18,3,5,1,2024,0.1
18,3,5,1,2025,0.1
18,3,5,1,2026,0.1
18,3,5,1,2027,0.1
18,3,5,1,2028,0.1
18,3,5,1,2029,0.1
18,3,5,1,2030,0.1
18,3,5,1,2031,0.1
18,3,5,1,2032,0.1
18,3,5,1,2033,0.1
18,3,5,1,2034,0.1
18,3,5,1,2035,0.1
18,3,5,1,2036,0.1
18,3,5,1,2037,0.1
18,3,5,1,2038,0.1
18,3,5,1,2039,0.1
18,3,5,1,2040,0.1
18,3,5,1,2041,0.1
18,3,5,1,2042,0.1
18,3,5,1,2043,0.1
18,3,5,1,2044,0.1
18,3,5,1,2045,0.1
18,3,5,1,2046,0.1
18,3,5,1,2047,0.1
18,3,5,1,2048,0.1
18,3,5,1,2049,0.1
18,3,5,1,2050,0.1
18,4,5,1,2023,0.1
18,4,5,1,2024,0.1
18,4,5,1,2025,0.1
18,4,5,1,2026,0.1
18,4,5,1,2027,0.1
18,4,5,1,2028,0.1
18,4,5,1,2029,0.1
18,4,5,1,2030,0.1
18,4,5,1,2031,0.1
18,4,5,1,2032,0.1
18,4,5,1,2033,0.1
18,4,5,1,2034,0.1
18,4,5,1,2035,0.1
18,4,5,1,2036,0.1
18,4,5,1,2037,0.1
18,4,5,1,2038,0.1
18,4,5,1,2039,0.1
18,4,5,1,2040,0.1
18,4,5,1,2041,0.1
18,4,5,1,2042,0.1
18,4,5,1,2043,0.1
18,4,5,1,2044,0.1
18,4,5,1,2045,0.1
18,4,5,1,2046,0.1
18,4,5,1,2047,0.1
18,4,5,1,2048,0.1
18,4,5,1,2049,0.1
18,4,5,1,2050,0.1
19,1,5,1,2023,0.1
19,1,5,1,2024,0.1
19,1,5,1,2025,0.1
19,1,5,1,2026,0.1
19,1,5,1,2027,0.1
19,1,5,1,2028,0.1
19,1,5,1,2029,0.1
19,1,5,1,2030,0.1
19,1,5,1,2031,0.1
19,1,5,1,2032,0.1
19,1,5,1,2033,0.1
19,1,5,1,2034,0.1
19,1,5,1,2035,0.1
19,1,5,1,2036,0.1
19,1,5,1,2037,0.1
19,1,5,1,2038,0.1
19,1,5,1,2039,0.1
19,1,5,1,2040,0.1
19,1,5,1,2041,0.1
19,1,5,1,2042,0.1
19,1,5,1,2043,0.1
19,1,5,1,2044,0.1
19,1,5,1,2045,0.1
19,1,5,1,2046,0.1
19,1,5,1,2047,0.1
19,1,5,1,2048,0.1
19,1,5,1,2049,0.1
19,1,5,1,2050,0.1
19,1,5,2,2023,0.2
19,1,5,2,2024,0.2
19,1,5,2,2025,0.2
19,1,5,2,2026,0.2
19,1,5,2,2027,0.2
19,1,5,2,2028,0.2
19,1,5,2,2029,0.2
19,1,5,2,2030,0.2
19,1,5,2,2031,0.2
19,1,5,2,2032,0.2
19,1,5,2,2033,0.2
19,1,5,2,2034,0.2
19,1,5,2,2035,0.2
19,1,5,2,2036,0.2
19,1,5,2,2037,0.2
19,1,5,2,2038,0.2
19,1,5,2,2039,0.2
19,1,5,2,2040,0.2
19,1,5,2,2041,0.2
19,1,5,2,2042,0.2
19,1,5,2,2043,0.2
19,1,5,2,2044,0.2
19,1,5,2,2045,0.2
19,1,5,2,2046,0.2
19,1,5,2,2047,0.2
19,1,5,2,2048,0.2
19,1,5,2,2049,0.2
19,1,5,2,2050,0.2
19,1,5,3,2023,0.3
19,1,5,3,2024,0.3
19,1,5,3,2025,0.3
19,1,5,3,2026,0.3
19,1,5,3,2027,0.3
19,1,5,3,2028,0.3
19,1,5,3,2029,0.3
19,1,5,3,2030,0.3
19,1,5,3,2031,0.3
19,1,5,3,2032,0.3
19,1,5,3,2033,0.3
19,1,5,3,2034,0.3
19,1,5,3,2035,0.3
19,1,5,3,2036,0.3
19,1,5,3,2037,0.3
19,1,5,3,2038,0.3
19,1,5,3,2039,0.3
19,1,5,3,2040,0.3
19,1,5,3,2041,0.3
19,1,5,3,2042,0.3
19,1,5,3,2043,0.3
19,1,5,3,2044,0.3
19,1,5,3,2045,0.3
19,1,5,3,2046,0.3
19,1,5,3,2047,0.3
19,1,5,3,2048,0.3
19,1,5,3,2049,0.3
19,1,5,3,2050,0.3
19,2,5,1,2023,999
19,2,5,1,2024,999
19,2,5,1,2025,999
19,2,5,1,2026,999
19,2,5,1,2027,999
19,2,5,1,2028,999
19,2,5,1,2029,999
19,2,5,1,2030,999
19,2,5,1,2031,999
19,2,5,1,2032,999
19,2,5,1,2033,999
19,2,5,1,2034,999
19,2,5,1,2035,999
19,2,5,1,2036,999
19,2,5,1,2037,999
19,2,5,1,2038,999
19,2,5,1,2039,999
19,2,5,1,2040,999
19,2,5,1,2041,999
19,2,5,1,2042,999
19,2,5,1,2043,999
19,2,5,1,2044,999
19,2,5,1,2045,999
19,2,5,1,2046,999
19,2,5,1,2047,999
19,2,5,1,2048,999
19,2,5,1,2049,999
19,2,5,1,2050,999
19,3,5,1,2023,0.1
19,3,5,1,2024,0.1
19,3,5,1,2025,0.1
19,3,5,1,2026,0.1
19,3,5,1,2027,0.1
19,3,5,1,2028,0.1
19,3,5,1,2029,0.1
19,3,5,1,2030,0.1
19,3,5,1,2031,0.1
19,3,5,1,2032,0.1
19,3,5,1,2033,0.1
19,3,5,1,2034,0.1
19,3,5,1,2035,0.1
19,3,5,1,2036,0.1
19,3,5,1,2037,0.1
19,3,5,1,2038,0.1
19,3,5,1,2039,0.1
19,3,5,1,2040,0.1
19,3,5,1,2041,0.1
19,3,5,1,2042,0.1
19,3,5,1,2043,0.1
19,3,5,1,2044,0.1
19,3,5,1,2045,0.1
19,3,5,1,2046,0.1
19,3,5,1,2047,0.1
19,3,5,1,2048,0.1
19,3,5,1,2049,0.1
19,3,5,1,2050,0.1
19,4,5,1,2023,0.1
19,4,5,1,2024,0.1
19,4,5,1,2025,0.1
19,4,5,1,2026,0.1
19,4,5,1,2027,0.1
19,4,5,1,2028,0.1
19,4,5,1,2029,0.1
19,4,5,1,2030,0.1
19,4,5,1,2031,0.1
19,4,5,1,2032,0.1
19,4,5,1,2033,0.1
19,4,5,1,2034,0.1
19,4,5,1,2035,0.1
19,4,5,1,2036,0.1
19,4,5,1,2037,0.1
19,4,5,1,2038,0.1
19,4,5,1,2039,0.1
19,4,5,1,2040,0.1
19,4,5,1,2041,0.1
19,4,5,1,2042,0.1
19,4,5,1,2043,0.1
19,4,5,1,2044,0.1
19,4,5,1,2045,0.1
19,4,5,1,2046,0.1
19,4,5,1,2047,0.1
19,4,5,1,2048,0.1
19,4,5,1,2049,0.1
19,4,5,1,2050,0.1
20,1,5,1,2023,0.1
20,1,5,1,2024,0.1
20,1,5,1,2025,0.1
20,1,5,1,2026,0.1
20,1,5,1,2027,0.1
20,1,5,1,2028,0.1
20,1,5,1,2029,0.1
20,1,5,1,2030,0.1
20,1,5,1,2031,0.1
20,1,5,1,2032,0.1
20,1,5,1,2033,0.1
20,1,5,1,2034,0.1
20,1,5,1,2035,0.1
20,1,5,1,2036,0.1
20,1,5,1,2037,0.1
20,1,5,1,2038,0.1
20,1,5,1,2039,0.1
20,1,5,1,2040,0.1
20,1,5,1,2041,0.1
20,1,5,1,2042,0.1
20,1,5,1,2043,0.1
20,1,5,1,2044,0.1
20,1,5,1,2045,0.1
20,1,5,1,2046,0.1
20,1,5,1,2047,0.1
20,1,5,1,2048,0.1
20,1,5,1,2049,0.1
20,1,5,1,2050,0.1
20,1,5,2,2023,0.2
20,1,5,2,2024,0.2
20,1,5,2,2025,0.2
20,1,5,2,2026,0.2
20,1,5,2,2027,0.2
20,1,5,2,2028,0.2
20,1,5,2,2029,0.2
20,1,5,2,2030,0.2
20,1,5,2,2031,0.2
20,1,5,2,2032,0.2
20,1,5,2,2033,0.2
20,1,5,2,2034,0.2
20,1,5,2,2035,0.2
20,1,5,2,2036,0.2
20,1,5,2,2037,0.2
20,1,5,2,2038,0.2
20,1,5,2,2039,0.2
20,1,5,2,2040,0.2
20,1,5,2,2041,0.2
20,1,5,2,2042,0.2
20,1,5,2,2043,0.2
20,1,5,2,2044,0.2
20,1,5,2,2045,0.2
20,1,5,2,2046,0.2
20,1,5,2,2047,0.2
20,1,5,2,2048,0.2
20,1,5,2,2049,0.2
20,1,5,2,2050,0.2
20,1,5,3,2023,0.3
20,1,5,3,2024,0.3
20,1,5,3,2025,0.3
20,1,5,3,2026,0.3
20,1,5,3,2027,0.3
20,1,5,3,2028,0.3
20,1,5,3,2029,0.3
20,1,5,3,2030,0.3
20,1,5,3,2031,0.3
20,1,5,3,2032,0.3
20,1,5,3,2033,0.3
20,1,5,3,2034,0.3
20,1,5,3,2035,0.3
20,1,5,3,2036,0.3
20,1,5,3,2037,0.3
20,1,5,3,2038,0.3
20,1,5,3,2039,0.3
20,1,5,3,2040,0.3
20,1,5,3,2041,0.3
20,1,5,3,2042,0.3
20,1,5,3,2043,0.3
20,1,5,3,2044,0.3
20,1,5,3,2045,0.3
20,1,5,3,2046,0.3
20,1,5,3,2047,0.3
20,1,5,3,2048,0.3
20,1,5,3,2049,0.3
20,1,5,3,2050,0.3
20,2,5,1,2023,999
20,2,5,1,2024,999
20,2,5,1,2025,999
20,2,5,1,2026,999
20,2,5,1,2027,999
20,2,5,1,2028,999
20,2,5,1,2029,999
20,2,5,1,2030,999
20,2,5,1,2031,999
20,2,5,1,2032,999
20,2,5,1,2033,999
20,2,5,1,2034,999
20,2,5,1,2035,999
20,2,5,1,2036,999
20,2,5,1,2037,999
20,2,5,1,2038,999
20,2,5,1,2039,999
20,2,5,1,2040,999
20,2,5,1,2041,999
20,2,5,1,2042,999
20,2,5,1,2043,999
20,2,5,1,2044,999
20,2,5,1,2045,999
20,2,5,1,2046,999
20,2,5,1,2047,999
20,2,5,1,2048,999
20,2,5,1,2049,999
20,2,5,1,2050,999
20,3,5,1,2023,0.1
20,3,5,1,2024,0.1
20,3,5,1,2025,0.1
20,3,5,1,2026,0.1
20,3,5,1,2027,0.1
20,3,5,1,2028,0.1
20,3,5,1,2029,0.1
20,3,5,1,2030,0.1
20,3,5,1,2031,0.1
20,3,5,1,2032,0.1
20,3,5,1,2033,0.1
20,3,5,1,2034,0.1
20,3,5,1,2035,0.1
20,3,5,1,2036,0.1
20,3,5,1,2037,0.1
20,3,5,1,2038,0.1
20,3,5,1,2039,0.1
20,3,5,1,2040,0.1
20,3,5,1,2041,0.1
20,3,5,1,2042,0.1
20,3,5,1,2043,0.1
20,3,5,1,2044,0.1
20,3,5,1,2045,0.1
20,3,5,1,2046,0.1
20,3,5,1,2047,0.1
20,3,5,1,2048,0.1
20,3,5,1,2049,0.1
20,3,5,1,2050,0.1
20,4,5,1,2023,0.1
20,4,5,1,2024,0.1
20,4,5,1,2025,0.1
20,4,5,1,2026,0.1
20,4,5,1,2027,0.1
20,4,5,1,2028,0.1
20,4,5,1,2029,0.1
20,4,5,1,2030,0.1
20,4,5,1,2031,0.1
20,4,5,1,2032,0.1
20,4,5,1,2033,0.1
20,4,5,1,2034,0.1
20,4,5,1,2035,0.1
20,4,5,1,2036,0.1
20,4,5,1,2037,0.1
20,4,5,1,2038,0.1
20,4,5,1,2039,0.1
20,4,5,1,2040,0.1
20,4,5,1,2041,0.1
20,4,5,1,2042,0.1
20,4,5,1,2043,0.1
20,4,5,1,2044,0.1
20,4,5,1,2045,0.1
20,4,5,1,2046,0.1
20,4,5,1,2047,0.1
20,4,5,1,2048,0.1
20,4,5,1,2049,0.1
20,4,5,1,2050,0.1
21,1,5,1,2023,0.1
21,1,5,1,2024,0.1
21,1,5,1,2025,0.1
21,1,5,1,2026,0.1
21,1,5,1,2027,0.1
21,1,5,1,2028,0.1
21,1,5,1,2029,0.1
21,1,5,1,2030,0.1
21,1,5,1,2031,0.1
21,1,5,1,2032,0.1
21,1,5,1,2033,0.1
21,1,5,1,2034,0.1
21,1,5,1,2035,0.1
21,1,5,1,2036,0.1
21,1,5,1,2037,0.1
21,1,5,1,2038,0.1
21,1,5,1,2039,0.1
21,1,5,1,2040,0.1
21,1,5,1,2041,0.1
21,1,5,1,2042,0.1
21,1,5,1,2043,0.1
21,1,5,1,2044,0.1
21,1,5,1,2045,0.1
21,1,5,1,2046,0.1
21,1,5,1,2047,0.1
21,1,5,1,2048,0.1
21,1,5,1,2049,0.1
21,1,5,1,2050,0.1
21,1,5,2,2023,0.2
21,1,5,2,2024,0.2
21,1,5,2,2025,0.2
21,1,5,2,2026,0.2
21,1,5,2,2027,0.2
21,1,5,2,2028,0.2
21,1,5,2,2029,0.2
21,1,5,2,2030,0.2
21,1,5,2,2031,0.2
21,1,5,2,2032,0.2
21,1,5,2,2033,0.2
21,1,5,2,2034,0.2
21,1,5,2,2035,0.2
21,1,5,2,2036,0.2
21,1,5,2,2037,0.2
21,1,5,2,2038,0.2
21,1,5,2,2039,0.2
21,1,5,2,2040,0.2
21,1,5,2,2041,0.2
21,1,5,2,2042,0.2
21,1,5,2,2043,0.2
21,1,5,2,2044,0.2
21,1,5,2,2045,0.2
21,1,5,2,2046,0.2
21,1,5,2,2047,0.2
21,1,5,2,2048,0.2
21,1,5,2,2049,0.2
21,1,5,2,2050,0.2
21,1,5,3,2023,0.3
21,1,5,3,2024,0.3
21,1,5,3,2025,0.3
21,1,5,3,2026,0.3
21,1,5,3,2027,0.3
21,1,5,3,2028,0.3
21,1,5,3,2029,0.3
21,1,5,3,2030,0.3
21,1,5,3,2031,0.3
21,1,5,3,2032,0.3
21,1,5,3,2033,0.3
21,1,5,3,2034,0.3
21,1,5,3,2035,0.3
21,1,5,3,2036,0.3
21,1,5,3,2037,0.3
21,1,5,3,2038,0.3
21,1,5,3,2039,0.3
21,1,5,3,2040,0.3
21,1,5,3,2041,0.3
21,1,5,3,2042,0.3
21,1,5,3,2043,0.3
21,1,5,3,2044,0.3
21,1,5,3,2045,0.3
21,1,5,3,2046,0.3
21,1,5,3,2047,0.3
21,1,5,3,2048,0.3
21,1,5,3,2049,0.3
21,1,5,3,2050,0.3
21,2,5,1,2023,999
21,2,5,1,2024,999
21,2,5,1,2025,999
21,2,5,1,2026,999
21,2,5,1,2027,999
21,2,5,1,2028,999
21,2,5,1,2029,999
21,2,5,1,2030,999
21,2,5,1,2031,999
21,2,5,1,2032,999
21,2,5,1,2033,999
21,2,5,1,2034,999
21,2,5,1,2035,999
21,2,5,1,2036,999
21,2,5,1,2037,999
21,2,5,1,2038,999
21,2,5,1,2039,999
21,2,5,1,2040,999
21,2,5,1,2041,999
21,2,5,1,2042,999
21,2,5,1,2043,999
21,2,5,1,2044,999
21,2,5,1,2045,999
21,2,5,1,2046,999
21,2,5,1,2047,999
21,2,5,1,2048,999
21,2,5,1,2049,999
21,2,5,1,2050,999
21,3,5,1,2023,0.1
21,3,5,1,2024,0.1
21,3,5,1,2025,0.1
21,3,5,1,2026,0.1
21,3,5,1,2027,0.1
21,3,5,1,2028,0.1
21,3,5,1,2029,0.1
21,3,5,1,2030,0.1
21,3,5,1,2031,0.1
21,3,5,1,2032,0.1
21,3,5,1,2033,0.1
21,3,5,1,2034,0.1
21,3,5,1,2035,0.1
21,3,5,1,2036,0.1
21,3,5,1,2037,0.1
21,3,5,1,2038,0.1
21,3,5,1,2039,0.1
21,3,5,1,2040,0.1
21,3,5,1,2041,0.1
21,3,5,1,2042,0.1
21,3,5,1,2043,0.1
21,3,5,1,2044,0.1
21,3,5,1,2045,0.1
21,3,5,1,2046,0.1
21,3,5,1,2047,0.1
21,3,5,1,2048,0.1
21,3,5,1,2049,0.1
21,3,5,1,2050,0.1
21,4,5,1,2023,0.1
21,4,5,1,2024,0.1
21,4,5,1,2025,0.1
21,4,5,1,2026,0.1
21,4,5,1,2027,0.1
21,4,5,1,2028,0.1
21,4,5,1,2029,0.1
21,4,5,1,2030,0.1
21,4,5,1,2031,0.1
21,4,5,1,2032,0.1
21,4,5,1,2033,0.1
21,4,5,1,2034,0.1
21,4,5,1,2035,0.1
21,4,5,1,2036,0.1
21,4,5,1,2037,0.1
21,4,5,1,2038,0.1
21,4,5,1,2039,0.1
21,4,5,1,2040,0.1
21,4,5,1,2041,0.1
21,4,5,1,2042,0.1
21,4,5,1,2043,0.1
21,4,5,1,2044,0.1
21,4,5,1,2045,0.1
21,4,5,1,2046,0.1
21,4,5,1,2047,0.1
21,4,5,1,2048,0.1
21,4,5,1,2049,0.1
21,4,5,1,2050,0.1
22,1,5,1,2023,0.1
22,1,5,1,2024,0.1
22,1,5,1,2025,0.1
22,1,5,1,2026,0.1
22,1,5,1,2027,0.1
22,1,5,1,2028,0.1
22,1,5,1,2029,0.1
22,1,5,1,2030,0.1
22,1,5,1,2031,0.1
22,1,5,1,2032,0.1
22,1,5,1,2033,0.1
22,1,5,1,2034,0.1
22,1,5,1,2035,0.1
22,1,5,1,2036,0.1
22,1,5,1,2037,0.1
22,1,5,1,2038,0.1
22,1,5,1,2039,0.1
22,1,5,1,2040,0.1
22,1,5,1,2041,0.1
22,1,5,1,2042,0.1
22,1,5,1,2043,0.1
22,1,5,1,2044,0.1
22,1,5,1,2045,0.1
22,1,5,1,2046,0.1
22,1,5,1,2047,0.1
22,1,5,1,2048,0.1
22,1,5,1,2049,0.1
22,1,5,1,2050,0.1
22,1,5,2,2023,0.2
22,1,5,2,2024,0.2
22,1,5,2,2025,0.2
22,1,5,2,2026,0.2
22,1,5,2,2027,0.2
22,1,5,2,2028,0.2
22,1,5,2,2029,0.2
22,1,5,2,2030,0.2
22,1,5,2,2031,0.2
22,1,5,2,2032,0.2
22,1,5,2,2033,0.2
22,1,5,2,2034,0.2
22,1,5,2,2035,0.2
22,1,5,2,2036,0.2
22,1,5,2,2037,0.2
22,1,5,2,2038,0.2
22,1,5,2,2039,0.2
22,1,5,2,2040,0.2
22,1,5,2,2041,0.2
22,1,5,2,2042,0.2
22,1,5,2,2043,0.2
22,1,5,2,2044,0.2
22,1,5,2,2045,0.2
22,1,5,2,2046,0.2
22,1,5,2,2047,0.2
22,1,5,2,2048,0.2
22,1,5,2,2049,0.2
22,1,5,2,2050,0.2
22,1,5,3,2023,0.3
22,1,5,3,2024,0.3
22,1,5,3,2025,0.3
22,1,5,3,2026,0.3
22,1,5,3,2027,0.3
22,1,5,3,2028,0.3
22,1,5,3,2029,0.3
22,1,5,3,2030,0.3
22,1,5,3,2031,0.3
22,1,5,3,2032,0.3
22,1,5,3,2033,0.3
22,1,5,3,2034,0.3
22,1,5,3,2035,0.3
22,1,5,3,2036,0.3
22,1,5,3,2037,0.3
22,1,5,3,2038,0.3
22,1,5,3,2039,0.3
22,1,5,3,2040,0.3
22,1,5,3,2041,0.3
22,1,5,3,2042,0.3
22,1,5,3,2043,0.3
22,1,5,3,2044,0.3
22,1,5,3,2045,0.3
22,1,5,3,2046,0.3
22,1,5,3,2047,0.3
22,1,5,3,2048,0.3
22,1,5,3,2049,0.3
22,1,5,3,2050,0.3
22,2,5,1,2023,999
22,2,5,1,2024,999
22,2,5,1,2025,999
22,2,5,1,2026,999
22,2,5,1,2027,999
22,2,5,1,2028,999
22,2,5,1,2029,999
22,2,5,1,2030,999
22,2,5,1,2031,999
22,2,5,1,2032,999
22,2,5,1,2033,999
22,2,5,1,2034,999
22,2,5,1,2035,999
22,2,5,1,2036,999
22,2,5,1,2037,999
22,2,5,1,2038,999
22,2,5,1,2039,999
22,2,5,1,2040,999
22,2,5,1,2041,999
22,2,5,1,2042,999
22,2,5,1,2043,999
22,2,5,1,2044,999
22,2,5,1,2045,999
22,2,5,1,2046,999
22,2,5,1,2047,999
22,2,5,1,2048,999
22,2,5,1,2049,999
22,2,5,1,2050,999
22,3,5,1,2023,0.1
22,3,5,1,2024,0.1
22,3,5,1,2025,0.1
22,3,5,1,2026,0.1
22,3,5,1,2027,0.1
22,3,5,1,2028,0.1
22,3,5,1,2029,0.1
22,3,5,1,2030,0.1
22,3,5,1,2031,0.1
22,3,5,1,2032,0.1
22,3,5,1,2033,0.1
22,3,5,1,2034,0.1
22,3,5,1,2035,0.1
22,3,5,1,2036,0.1
22,3,5,1,2037,0.1
22,3,5,1,2038,0.1
22,3,5,1,2039,0.1
22,3,5,1,2040,0.1
22,3,5,1,2041,0.1
22,3,5,1,2042,0.1
22,3,5,1,2043,0.1
22,3,5,1,2044,0.1
22,3,5,1,2045,0.1
22,3,5,1,2046,0.1
22,3,5,1,2047,0.1
22,3,5,1,2048,0.1
22,3,5,1,2049,0.1
22,3,5,1,2050,0.1
22,4,5,1,2023,0.1
22,4,5,1,2024,0.1
22,4,5,1,2025,0.1
22,4,5,1,2026,0.1
22,4,5,1,2027,0.1
22,4,5,1,2028,0.1
22,4,5,1,2029,0.1
22,4,5,1,2030,0.1
22,4,5,1,2031,0.1
22,4,5,1,2032,0.1
22,4,5,1,2033,0.1
22,4,5,1,2034,0.1
22,4,5,1,2035,0.1
22,4,5,1,2036,0.1
22,4,5,1,2037,0.1
22,4,5,1,2038,0.1
22,4,5,1,2039,0.1
22,4,5,1,2040,0.1
22,4,5,1,2041,0.1
22,4,5,1,2042,0.1
22,4,5,1,2043,0.1
22,4,5,1,2044,0.1
22,4,5,1,2045,0.1
22,4,5,1,2046,0.1
22,4,5,1,2047,0.1
22,4,5,1,2048,0.1
22,4,5,1,2049,0.1
22,4,5,1,2050,0.1
23,1,5,1,2023,0.1
23,1,5,1,2024,0.1
23,1,5,1,2025,0.1
23,1,5,1,2026,0.1
23,1,5,1,2027,0.1
23,1,5,1,2028,0.1
23,1,5,1,2029,0.1
23,1,5,1,2030,0.1
23,1,5,1,2031,0.1
23,1,5,1,2032,0.1
23,1,5,1,2033,0.1
23,1,5,1,2034,0.1
23,1,5,1,2035,0.1
23,1,5,1,2036,0.1
23,1,5,1,2037,0.1
23,1,5,1,2038,0.1
23,1,5,1,2039,0.1
23,1,5,1,2040,0.1
23,1,5,1,2041,0.1
23,1,5,1,2042,0.1
23,1,5,1,2043,0.1
23,1,5,1,2044,0.1
23,1,5,1,2045,0.1
23,1,5,1,2046,0.1
23,1,5,1,2047,0.1
23,1,5,1,2048,0.1
23,1,5,1,2049,0.1
23,1,5,1,2050,0.1
23,1,5,2,2023,0.2
23,1,5,2,2024,0.2
23,1,5,2,2025,0.2
23,1,5,2,2026,0.2
23,1,5,2,2027,0.2
23,1,5,2,2028,0.2
23,1,5,2,2029,0.2
23,1,5,2,2030,0.2
23,1,5,2,2031,0.2
23,1,5,2,2032,0.2
23,1,5,2,2033,0.2
23,1,5,2,2034,0.2
23,1,5,2,2035,0.2
23,1,5,2,2036,0.2
23,1,5,2,2037,0.2
23,1,5,2,2038,0.2
23,1,5,2,2039,0.2
23,1,5,2,2040,0.2
23,1,5,2,2041,0.2
23,1,5,2,2042,0.2
23,1,5,2,2043,0.2
23,1,5,2,2044,0.2
23,1,5,2,2045,0.2
23,1,5,2,2046,0.2
23,1,5,2,2047,0.2
23,1,5,2,2048,0.2
23,1,5,2,2049,0.2
23,1,5,2,2050,0.2
23,1,5,3,2023,0.3
23,1,5,3,2024,0.3
23,1,5,3,2025,0.3
23,1,5,3,2026,0.3
23,1,5,3,2027,0.3
23,1,5,3,2028,0.3
23,1,5,3,2029,0.3
23,1,5,3,2030,0.3
23,1,5,3,2031,0.3
23,1,5,3,2032,0.3
23,1,5,3,2033,0.3
23,1,5,3,2034,0.3
23,1,5,3,2035,0.3
23,1,5,3,2036,0.3
23,1,5,3,2037,0.3
23,1,5,3,2038,0.3
23,1,5,3,2039,0.3
23,1,5,3,2040,0.3
23,1,5,3,2041,0.3
23,1,5,3,2042,0.3
23,1,5,3,2043,0.3
23,1,5,3,2044,0.3
23,1,5,3,2045,0.3
23,1,5,3,2046,0.3
23,1,5,3,2047,0.3
23,1,5,3,2048,0.3
23,1,5,3,2049,0.3
23,1,5,3,2050,0.3
23,2,5,1,2023,999
23,2,5,1,2024,999
23,2,5,1,2025,999
23,2,5,1,2026,999
23,2,5,1,2027,999
23,2,5,1,2028,999
23,2,5,1,2029,999
23,2,5,1,2030,999
23,2,5,1,2031,999
23,2,5,1,2032,999
23,2,5,1,2033,999
23,2,5,1,2034,999
23,2,5,1,2035,999
23,2,5,1,2036,999
23,2,5,1,2037,999
23,2,5,1,2038,999
23,2,5,1,2039,999
23,2,5,1,2040,999
23,2,5,1,2041,999
23,2,5,1,2042,999
23,2,5,1,2043,999
23,2,5,1,2044,999
23,2,5,1,2045,999
23,2,5,1,2046,999
23,2,5,1,2047,999
23,2,5,1,2048,999
23,2,5,1,2049,999
23,2,5,1,2050,999
23,3,5,1,2023,0.1
23,3,5,1,2024,0.1
23,3,5,1,2025,0.1
23,3,5,1,2026,0.1
23,3,5,1,2027,0.1
23,3,5,1,2028,0.1
23,3,5,1,2029,0.1
23,3,5,1,2030,0.1
23,3,5,1,2031,0.1
23,3,5,1,2032,0.1
23,3,5,1,2033,0.1
23,3,5,1,2034,0.1
23,3,5,1,2035,0.1
23,3,5,1,2036,0.1
23,3,5,1,2037,0.1
23,3,5,1,2038,0.1
23,3,5,1,2039,0.1
23,3,5,1,2040,0.1
23,3,5,1,2041,0.1
23,3,5,1,2042,0.1
23,3,5,1,2043,0.1
23,3,5,1,2044,0.1
23,3,5,1,2045,0.1
23,3,5,1,2046,0.1
23,3,5,1,2047,0.1
23,3,5,1,2048,0.1
23,3,5,1,2049,0.1
23,3,5,1,2050,0.1
23,4,5,1,2023,0.1
23,4,5,1,2024,0.1
23,4,5,1,2025,0.1
23,4,5,1,2026,0.1
23,4,5,1,2027,0.1
23,4,5,1,2028,0.1
23,4,5,1,2029,0.1
23,4,5,1,2030,0.1
23,4,5,1,2031,0.1
23,4,5,1,2032,0.1
23,4,5,1,2033,0.1
23,4,5,1,2034,0.1
23,4,5,1,2035,0.1
23,4,5,1,2036,0.1
23,4,5,1,2037,0.1
23,4,5,1,2038,0.1
23,4,5,1,2039,0.1
23,4,5,1,2040,0.1
23,4,5,1,2041,0.1
23,4,5,1,2042,0.1
23,4,5,1,2043,0.1
23,4,5,1,2044,0.1
23,4,5,1,2045,0.1
23,4,5,1,2046,0.1
23,4,5,1,2047,0.1
23,4,5,1,2048,0.1
23,4,5,1,2049,0.1
23,4,5,1,2050,0.1
24,1,5,1,2023,0.1
24,1,5,1,2024,0.1
24,1,5,1,2025,0.1
24,1,5,1,2026,0.1
24,1,5,1,2027,0.1
24,1,5,1,2028,0.1
24,1,5,1,2029,0.1
24,1,5,1,2030,0.1
24,1,5,1,2031,0.1
24,1,5,1,2032,0.1
24,1,5,1,2033,0.1
24,1,5,1,2034,0.1
24,1,5,1,2035,0.1
24,1,5,1,2036,0.1
24,1,5,1,2037,0.1
24,1,5,1,2038,0.1
24,1,5,1,2039,0.1
24,1,5,1,2040,0.1
24,1,5,1,2041,0.1
24,1,5,1,2042,0.1
24,1,5,1,2043,0.1
24,1,5,1,2044,0.1
24,1,5,1,2045,0.1
24,1,5,1,2046,0.1
24,1,5,1,2047,0.1
24,1,5,1,2048,0.1
24,1,5,1,2049,0.1
24,1,5,1,2050,0.1
24,1,5,2,2023,0.2
24,1,5,2,2024,0.2
24,1,5,2,2025,0.2
24,1,5,2,2026,0.2
24,1,5,2,2027,0.2
24,1,5,2,2028,0.2
24,1,5,2,2029,0.2
24,1,5,2,2030,0.2
24,1,5,2,2031,0.2
24,1,5,2,2032,0.2
24,1,5,2,2033,0.2
24,1,5,2,2034,0.2
24,1,5,2,2035,0.2
24,1,5,2,2036,0.2
24,1,5,2,2037,0.2
24,1,5,2,2038,0.2
24,1,5,2,2039,0.2
24,1,5,2,2040,0.2
24,1,5,2,2041,0.2
24,1,5,2,2042,0.2
24,1,5,2,2043,0.2
24,1,5,2,2044,0.2
24,1,5,2,2045,0.2
24,1,5,2,2046,0.2
24,1,5,2,2047,0.2
24,1,5,2,2048,0.2
24,1,5,2,2049,0.2
24,1,5,2,2050,0.2
24,1,5,3,2023,0.3
24,1,5,3,2024,0.3
24,1,5,3,2025,0.3
24,1,5,3,2026,0.3
24,1,5,3,2027,0.3
24,1,5,3,2028,0.3
24,1,5,3,2029,0.3
24,1,5,3,2030,0.3
24,1,5,3,2031,0.3
24,1,5,3,2032,0.3
24,1,5,3,2033,0.3
24,1,5,3,2034,0.3
24,1,5,3,2035,0.3
24,1,5,3,2036,0.3
24,1,5,3,2037,0.3
24,1,5,3,2038,0.3
24,1,5,3,2039,0.3
24,1,5,3,2040,0.3
24,1,5,3,2041,0.3
24,1,5,3,2042,0.3
24,1,5,3,2043,0.3
24,1,5,3,2044,0.3
24,1,5,3,2045,0.3
24,1,5,3,2046,0.3
24,1,5,3,2047,0.3
24,1,5,3,2048,0.3
24,1,5,3,2049,0.3
24,1,5,3,2050,0.3
24,2,5,1,2023,999
24,2,5,1,2024,999
24,2,5,1,2025,999
24,2,5,1,2026,999
24,2,5,1,2027,999
24,2,5,1,2028,999
24,2,5,1,2029,999
24,2,5,1,2030,999
24,2,5,1,2031,999
24,2,5,1,2032,999
24,2,5,1,2033,999
24,2,5,1,2034,999
24,2,5,1,2035,999
24,2,5,1,2036,999
24,2,5,1,2037,999
24,2,5,1,2038,999
24,2,5,1,2039,999
24,2,5,1,2040,999
24,2,5,1,2041,999
24,2,5,1,2042,999
24,2,5,1,2043,999
24,2,5,1,2044,999
24,2,5,1,2045,999
24,2,5,1,2046,999
24,2,5,1,2047,999
24,2,5,1,2048,999
24,2,5,1,2049,999
24,2,5,1,2050,999
24,3,5,1,2023,0.1
24,3,5,1,2024,0.1
24,3,5,1,2025,0.1
24,3,5,1,2026,0.1
24,3,5,1,2027,0.1
24,3,5,1,2028,0.1
24,3,5,1,2029,0.1
24,3,5,1,2030,0.1
24,3,5,1,2031,0.1
24,3,5,1,2032,0.1
24,3,5,1,2033,0.1
24,3,5,1,2034,0.1
24,3,5,1,2035,0.1
24,3,5,1,2036,0.1
24,3,5,1,2037,0.1
24,3,5,1,2038,0.1
24,3,5,1,2039,0.1
24,3,5,1,2040,0.1
24,3,5,1,2041,0.1
24,3,5,1,2042,0.1
24,3,5,1,2043,0.1
24,3,5,1,2044,0.1
24,3,5,1,2045,0.1
24,3,5,1,2046,0.1
24,3,5,1,2047,0.1
24,3,5,1,2048,0.1
24,3,5,1,2049,0.1
24,3,5,1,2050,0.1
24,4,5,1,2023,0.1
24,4,5,1,2024,0.1
24,4,5,1,2025,0.1
24,4,5,1,2026,0.1
24,4,5,1,2027,0.1
24,4,5,1,2028,0.1
24,4,5,1,2029,0.1
24,4,5,1,2030,0.1
24,4,5,1,2031,0.1
24,4,5,1,2032,0.1
24,4,5,1,2033,0.1
24,4,5,1,2034,0.1
24,4,5,1,2035,0.1
24,4,5,1,2036,0.1
24,4,5,1,2037,0.1
24,4,5,1,2038,0.1
24,4,5,1,2039,0.1
24,4,5,1,2040,0.1
24,4,5,1,2041,0.1
24,4,5,1,2042,0.1
24,4,5,1,2043,0.1
24,4,5,1,2044,0.1
24,4,5,1,2045,0.1
24,4,5,1,2046,0.1
24,4,5,1,2047,0.1
24,4,5,1,2048,0.1
24,4,5,1,2049,0.1
24,4,5,1,2050,0.1
25,1,5,1,2023,0.1
25,1,5,1,2024,0.1
25,1,5,1,2025,0.1
25,1,5,1,2026,0.1
25,1,5,1,2027,0.1
25,1,5,1,2028,0.1
25,1,5,1,2029,0.1
25,1,5,1,2030,0.1
25,1,5,1,2031,0.1
25,1,5,1,2032,0.1
25,1,5,1,2033,0.1
25,1,5,1,2034,0.1
25,1,5,1,2035,0.1
25,1,5,1,2036,0.1
25,1,5,1,2037,0.1
25,1,5,1,2038,0.1
25,1,5,1,2039,0.1
25,1,5,1,2040,0.1
25,1,5,1,2041,0.1
25,1,5,1,2042,0.1
25,1,5,1,2043,0.1
25,1,5,1,2044,0.1
25,1,5,1,2045,0.1
25,1,5,1,2046,0.1
25,1,5,1,2047,0.1
25,1,5,1,2048,0.1
25,1,5,1,2049,0.1
25,1,5,1,2050,0.1
25,1,5,2,2023,0.2
25,1,5,2,2024,0.2
25,1,5,2,2025,0.2
25,1,5,2,2026,0.2
25,1,5,2,2027,0.2
25,1,5,2,2028,0.2
25,1,5,2,2029,0.2
25,1,5,2,2030,0.2
25,1,5,2,2031,0.2
25,1,5,2,2032,0.2
25,1,5,2,2033,0.2
25,1,5,2,2034,0.2
25,1,5,2,2035,0.2
25,1,5,2,2036,0.2
25,1,5,2,2037,0.2
25,1,5,2,2038,0.2
25,1,5,2,2039,0.2
25,1,5,2,2040,0.2
25,1,5,2,2041,0.2
25,1,5,2,2042,0.2
25,1,5,2,2043,0.2
25,1,5,2,2044,0.2
25,1,5,2,2045,0.2
25,1,5,2,2046,0.2
25,1,5,2,2047,0.2
25,1,5,2,2048,0.2
25,1,5,2,2049,0.2
25,1,5,2,2050,0.2
25,1,5,3,2023,0.3
25,1,5,3,2024,0.3
25,1,5,3,2025,0.3
25,1,5,3,2026,0.3
25,1,5,3,2027,0.3
25,1,5,3,2028,0.3
25,1,5,3,2029,0.3
25,1,5,3,2030,0.3
25,1,5,3,2031,0.3
25,1,5,3,2032,0.3
25,1,5,3,2033,0.3
25,1,5,3,2034,0.3
25,1,5,3,2035,0.3
25,1,5,3,2036,0.3
25,1,5,3,2037,0.3
25,1,5,3,2038,0.3
25,1,5,3,2039,0.3
25,1,5,3,2040,0.3
25,1,5,3,2041,0.3
25,1,5,3,2042,0.3
25,1,5,3,2043,0.3
25,1,5,3,2044,0.3
25,1,5,3,2045,0.3
25,1,5,3,2046,0.3
25,1,5,3,2047,0.3
25,1,5,3,2048,0.3
25,1,5,3,2049,0.3
25,1,5,3,2050,0.3
25,2,5,1,2023,999
25,2,5,1,2024,999
25,2,5,1,2025,999
25,2,5,1,2026,999
25,2,5,1,2027,999
25,2,5,1,2028,999
25,2,5,1,2029,999
25,2,5,1,2030,999
25,2,5,1,2031,999
25,2,5,1,2032,999
25,2,5,1,2033,999
25,2,5,1,2034,999
25,2,5,1,2035,999
25,2,5,1,2036,999
25,2,5,1,2037,999
25,2,5,1,2038,999
25,2,5,1,2039,999
25,2,5,1,2040,999
25,2,5,1,2041,999
25,2,5,1,2042,999
25,2,5,1,2043,999
25,2,5,1,2044,999
25,2,5,1,2045,999
25,2,5,1,2046,999
25,2,5,1,2047,999
25,2,5,1,2048,999
25,2,5,1,2049,999
25,2,5,1,2050,999
25,3,5,1,2023,0.1
25,3,5,1,2024,0.1
25,3,5,1,2025,0.1
25,3,5,1,2026,0.1
25,3,5,1,2027,0.1
25,3,5,1,2028,0.1
25,3,5,1,2029,0.1
25,3,5,1,2030,0.1
25,3,5,1,2031,0.1
25,3,5,1,2032,0.1
25,3,5,1,2033,0.1
25,3,5,1,2034,0.1
25,3,5,1,2035,0.1
25,3,5,1,2036,0.1
25,3,5,1,2037,0.1
25,3,5,1,2038,0.1
25,3,5,1,2039,0.1
25,3,5,1,2040,0.1
25,3,5,1,2041,0.1
25,3,5,1,2042,0.1
25,3,5,1,2043,0.1
25,3,5,1,2044,0.1
25,3,5,1,2045,0.1
25,3,5,1,2046,0.1
25,3,5,1,2047,0.1
25,3,5,1,2048,0.1
25,3,5,1,2049,0.1
25,3,5,1,2050,0.1
25,4,5,1,2023,0.1
25,4,5,1,2024,0.1
25,4,5,1,2025,0.1
25,4,5,1,2026,0.1
25,4,5,1,2027,0.1
25,4,5,1,2028,0.1
25,4,5,1,2029,0.1
25,4,5,1,2030,0.1
25,4,5,1,2031,0.1
25,4,5,1,2032,0.1
25,4,5,1,2033,0.1
25,4,5,1,2034,0.1
25,4,5,1,2035,0.1
25,4,5,1,2036,0.1
25,4,5,1,2037,0.1
25,4,5,1,2038,0.1
25,4,5,1,2039,0.1
25,4,5,1,2040,0.1
25,4,5,1,2041,0.1
25,4,5,1,2042,0.1
25,4,5,1,2043,0.1
25,4,5,1,2044,0.1
25,4,5,1,2045,0.1
25,4,5,1,2046,0.1
25,4,5,1,2047,0.1
25,4,5,1,2048,0.1
25,4,5,1,2049,0.1
25,4,5,1,2050,0.1
